<?xml version="1.0" encoding="UTF-8"?>
<!--

    Copyright The OpenZipkin Authors
    SPDX-License-Identifier: Apache-2.0

-->
<settings xmlns:xsi="http://www.w3.org/2001/XMLSchema-instance"
    xmlns="http://maven.apache.org/SETTINGS/1.0.0"
    xsi:schemaLocation="http://maven.apache.org/SETTINGS/1.0.0
                          http://maven.apache.org/xsd/settings-1.0.0.xsd">
  <servers>
    <server>
      <id>gpg.passphrase</id>
      <passphrase>${env.GPG_PASSPHRASE}</passphrase>
    </server>
    <server>
      <id>ossrh</id>
      <username>${env.SONATYPE_USER}</username>
      <password>${env.SONATYPE_PASSWORD}</password>
    </server>
    <server>
      <id>github.com</id>
      <username>zipkinci</username>
      <password>${env.GH_TOKEN}</password>
    </server>
  </servers>
</settings>
