{
  "AccountBalances": "http://localhost:8286/mockserver/accountBalance",
  "AccountDetails": "http://10.128.107.105:9918/MobileBanking/LifeStyleBanking/f7EnquiryEncrypted/{REQUEST~apiRequest.requestObj.requestId}",
  "AccountDetails_en": "http://10.128.107.105:9918/MobileBanking/LifeStyleBanking/f7EnquiryEncrypted/{REQUEST~apiRequest.requestObj.requestId}",
  "AccountDetails_kn": "http://localhost:8286/mockserver/accountInfo",
  "AccountDetails_ar": "http://localhost:8286/mockserver/accountInfo",
  "AccountInfo": "http://localhost:8286/mockserver/accountInfo",
  "AccountEnquiry": "http://10.128.107.105:9918/MobileBanking/LifeStyleBanking/accountEnquiry/{REQUEST~apiRequest.requestObj.requestId}",
  "AccountStatement": "https://87a1b0bb-818e-4b9d-adce-3600be124dfd.mock.pstmn.io/accountstatement/{REQUEST~apiRequest.requestObj.requestId}",
  "AccountStatementOverMail": "https://5617d626-38f7-4af9-a93a-51e7c8bebecd.mock.pstmn.io/sendAccountStatementOverMail",
  "AccountTxnHistory": "http://localhost:8286/mockserver/accountstatement",
  "ApplyDeposit": "http://10.128.107.105:9918/MobileBanking/LifeStyleBanking/createTermDeposit/{REQUEST~apiRequest.requestObj.requestId}",
  "ApplyDeposits": "https://5617d626-38f7-4af9-a93a-51e7c8bebecd.mock.pstmn.io/applyDeposit",
  "ApplyLoan": "http://localhost:8286/mockserver/applyLoan",
  "ApplyLoans": "https://jsonplaceholder.typicode.com/todos/1",
  "ApplyChequeBook": "https://5617d626-38f7-4af9-a93a-51e7c8bebecd.mock.pstmn.io/applyChequebook",
  "AadhaarOTP": "https://sm-kyc-sync-sandbox-proxy.scoreme.in/kyc/external/aadhaarOtp",
  "AadhaarOTPVerification": "https://sm-kyc-sync-sandbox-proxy.scoreme.in/kyc/external/aadhaarDetail",
  "appzillonDeviceLogin": "http://localhost:8144/AppzillonWearableServer/login",
  "appzillonFetchParams": "http://localhost:8144/AppzillonWearableServer/getParams",
  "appzillonNotifyDevice": "http://localhost:8144/AppzillonNotifServer/pushNotification/",
  "BlockCreditCard": "https://5617d626-38f7-4af9-a93a-51e7c8bebecd.mock.pstmn.io/blockCreditCard",
  "BillerbyCategory": "http://localhost:8286/mockserver/fetchbills",
  "BlockDigitalChannel": "https://5617d626-38f7-4af9-a93a-51e7c8bebecd.mock.pstmn.io/blockDigitalChannel",
  "CustomerAuthentication": "https://5617d626-38f7-4af9-a93a-51e7c8bebecd.mock.pstmn.io/customerAuthentication",
  "CardlessCashWithdraw": "http://localhost:8286/mockserver/cardlessCashWithdraw",
  "CardPay": "http://localhost:8286/mockserver/billPaymentsViaCards",
  "CardTransfers_CARD-TFR": "http://localhost:8286/mockserver/fundTransferViaCards",
  "ChangeHomeBranch": "http://localhost:8286/mockserver/changehomebranch",
  "ChequeNoEnquiry": "https://5617d626-38f7-4af9-a93a-51e7c8bebecd.mock.pstmn.io/chequeNoEnquiry",
  "CloseDeposit": "http://10.128.107.105:9918/MobileBanking/LifeStyleBanking/CloseEFD/{REQUEST~apiRequest.requestObj.requestId}",
  "CreateGoal": "http://localhost:8284/appzillonbankingpfm/pfm/goals/create",
  "CreateGoalAcc": "http://localhost:8281/appzillonbanking/account/user/applydeposit",
  "CreditCardAddOn": "http://localhost:8286/mockserver/issueAddonCreditCard",
  "CreditCardApply": "https://5617d626-38f7-4af9-a93a-51e7c8bebecd.mock.pstmn.io/applyCreditCard",
  "CreditCardBlockUnblock": "http://localhost:8286/mockserver/creditCardBlockUnblockStatus",
  "CreditCardDetails": "http://localhost:8286/mockserver/fetchcreditcards",
  "CreditCardInternationalTxn": "http://localhost:8286/mockserver/updateCreditCardIntTxnStatus",
  "CreditCardManageLimits": "http://localhost:8286/mockserver/updatecreditcardlimits",
  "CreditCardPay": "http://localhost:8286/mockserver/fundTransfer",
  "CreditCardReIssue": "http://localhost:8286/mockserver/reissueCreditCard",
  "CreditCardResetPin": "http://localhost:8286/mockserver/resetCreditCardPin",
  "CIFEnquiryByMobile": "https://5617d626-38f7-4af9-a93a-51e7c8bebecd.mock.pstmn.io/CIFEnquiryByMobile",
  "CreditCardViewStatement": "http://localhost:8286/mockserver/fetchcreditcardbill",
  "CardStatementDetails": "https://5617d626-38f7-4af9-a93a-51e7c8bebecd.mock.pstmn.io/fetchCardStatementDetails",
  "CreditCardPayOnline": "https://5617d626-38f7-4af9-a93a-51e7c8bebecd.mock.pstmn.io/payOnline",
  "CreditCardEmiConversion": "https://5617d626-38f7-4af9-a93a-51e7c8bebecd.mock.pstmn.io/emiConversion",
  "CreditCardEmiTransaction": "https://5617d626-38f7-4af9-a93a-51e7c8bebecd.mock.pstmn.io/emiTransactionDetails",
  "CreditCardUnbilledTxnDetails": "https://5617d626-38f7-4af9-a93a-51e7c8bebecd.mock.pstmn.io/unbilledTxnDetails",
  "CreditCardPinChangeWithOtp": "https://5617d626-38f7-4af9-a93a-51e7c8bebecd.mock.pstmn.io/creditCardPinChangeWithOtp",
  "CreditCardPinChangeWithGEENPNCONFIG": "https://5617d626-38f7-4af9-a93a-51e7c8bebecd.mock.pstmn.io/creditCardPinChangeWithGEENPNCONFIG",
  "Customer360": "http://10.128.107.105:9918/MobileBanking/LifeStyleBanking/accountEnquiry/{REQUEST~apiRequest.requestObj.requestId}",
  "CreateDispute": "https://5617d626-38f7-4af9-a93a-51e7c8bebecd.mock.pstmn.io/createDispute",
  "CardlessCashWithdrawal": "https://5617d626-38f7-4af9-a93a-51e7c8bebecd.mock.pstmn.io/cardlessCashWithdrawal",
  "DebitCardsOperation": "https://5617d626-38f7-4af9-a93a-51e7c8bebecd.mock.pstmn.io/cardDetails",
  "DownloadDepositCert": "https://5617d626-38f7-4af9-a93a-51e7c8bebecd.mock.pstmn.io/downloadDepositCert",
  "DownloadStatement": "http://10.128.61.27:9918/MobileBanking/LifeStyleBanking/AccountStatement/{CUSTOMJAVACODE~apiRequest.requestObj.requestId}",
  "DebitCardBlockUnblock": "http://localhost:8286/mockserver/debitCardBlockUnblockStatus",
  "DebitCardsDetail": "https://5617d626-38f7-4af9-a93a-51e7c8bebecd.mock.pstmn.io/cardDetails",
  "DebitCardDetails": "http://localhost:8286/mockserver/fetchdebitcards",
  "DebitCardIntrTxn": "http://localhost:8286/mockserver/updateDebitCardIntTxnStatus",
  "DebitCardReissueCard": "http://localhost:8286/mockserver/reissueDebitCard",
  "DebitCardResetPIN": "https://5617d626-38f7-4af9-a93a-51e7c8bebecd.mock.pstmn.io/resetdebitcardpin",
  "DebitCardResetPIN_M": "http://localhost:8286/mockserver/resetDebitCardPin",
  "DebitCardList": "https://5617d626-38f7-4af9-a93a-51e7c8bebecd.mock.pstmn.io/list",
  "DebitCardApplyVrt": "https://5617d626-38f7-4af9-a93a-51e7c8bebecd.mock.pstmn.io/applyvirtualcard",
  "DebitCardVrt2Phy": "https://5617d626-38f7-4af9-a93a-51e7c8bebecd.mock.pstmn.io/convertvirtual2phy",
  "DebitCardsHotlist": "https://5617d626-38f7-4af9-a93a-51e7c8bebecd.mock.pstmn.io/hotlist",
  "DebitCardsWarmlist": "https://5617d626-38f7-4af9-a93a-51e7c8bebecd.mock.pstmn.io/warmlist",
  "DebitCardsUnWarmlist": "https://5617d626-38f7-4af9-a93a-51e7c8bebecd.mock.pstmn.io/unwarmlist",
  "DebitCardChannelAccess": "https://5617d626-38f7-4af9-a93a-51e7c8bebecd.mock.pstmn.io/channelaccessupdate",
  "UpdateDebitCardLimitDtls": "https://5617d626-38f7-4af9-a93a-51e7c8bebecd.mock.pstmn.io/updatelimits",
  "DepositAccountInfo": "http://localhost:8286/mockserver/depositAccountInfo",
  "DynamicBillPayment": "http://localhost:8286/mockserver/dynamicbillPayments",
  "DeleteMMID": "https://87a1b0bb-818e-4b9d-adce-3600be124dfd.mock.pstmn.io/user/deleteMMID/{CUSTOMJAVACODE~apiRequest.requestObj.requestId}",
  "DeleteOldSI": "https://5617d626-38f7-4af9-a93a-51e7c8bebecd.mock.pstmn.io/deleteOldSI",
  "DebitCardValidate": "https://5617d626-38f7-4af9-a93a-51e7c8bebecd.mock.pstmn.io/validatedebitcarddetails",
  "FetchMiniStatement": "https://87a1b0bb-818e-4b9d-adce-3600be124dfd.mock.pstmn.io/transfer/fetchMiniStatement/{CUSTOMJAVACODE~apiRequest.requestObj.requestId}",
  "FetchBillDynamic": "http://localhost:8286/mockserver/fetchbilldetails",
  "FetchExchangeRates": "http://localhost:8286/mockserver/fetchAllExchangeRates",
  "FetchInterestRates": "http://localhost:8286/mockserver/fetchroi",
  "FDClosure": "https://5617d626-38f7-4af9-a93a-51e7c8bebecd.mock.pstmn.io/FDClosure",
  "FTMS": "http://localhost:8282/appzillonbankingtransfer/transfer/initiate",
  "FundTransfer": "http://10.128.107.105:9918/MobileBanking/LifeStyleBanking/FundTransfer/{REQUEST~apiRequest.requestObj.requestId}",
  "FundTransferTPT": "https://87a1b0bb-818e-4b9d-adce-3600be124dfd.mock.pstmn.io/transfer/fundTransferTPT/{CUSTOMJAVACODE~apiRequest.requestObj.requestId}",
  "FetchCreditCardDetails": "https://5617d626-38f7-4af9-a93a-51e7c8bebecd.mock.pstmn.io/fetchCreditCardDetails",
  "FetchCardStatementDetails": "https://5617d626-38f7-4af9-a93a-51e7c8bebecd.mock.pstmn.io/fetchCardStatementDetails",
  "FetchFdOrRdRates": "https://5617d626-38f7-4af9-a93a-51e7c8bebecd.mock.pstmn.io/fetchFdOrRdRates",
  "Fastag_CustomerDetails": "https://5617d626-38f7-4af9-a93a-51e7c8bebecd.mock.pstmn.io/fetchCustomerDetails",
  "Fastag_VehicleDetails": "https://5617d626-38f7-4af9-a93a-51e7c8bebecd.mock.pstmn.io/fetchVehicleDetails",
  "Fastag_WalletRecharge": "https://5617d626-38f7-4af9-a93a-51e7c8bebecd.mock.pstmn.io/walletRecharge",
  "Fastag_TransactionHistory": "https://5617d626-38f7-4af9-a93a-51e7c8bebecd.mock.pstmn.io/transactionHistory",
  "Fastag_BalanceCheck": "https://5617d626-38f7-4af9-a93a-51e7c8bebecd.mock.pstmn.io/balanceCheck",
  "Fastag_AutoTopupDetails": "https://5617d626-38f7-4af9-a93a-51e7c8bebecd.mock.pstmn.io/fetchAutoTopupDetails",
  "Fastag_VehicleRegistration": "https://5617d626-38f7-4af9-a93a-51e7c8bebecd.mock.pstmn.io/vehicleRegistration",
  "Fastag_CustomerRegistration": "https://5617d626-38f7-4af9-a93a-51e7c8bebecd.mock.pstmn.io/newCustomerRegistration",
  "Fastag_VehicleStatus": "https://5617d626-38f7-4af9-a93a-51e7c8bebecd.mock.pstmn.io/fetchVehicleStatus",
  "FetchMMID": "https://87a1b0bb-818e-4b9d-adce-3600be124dfd.mock.pstmn.io/user/fetchMMID/{CUSTOMJAVACODE~apiRequest.requestObj.requestId}",
  "FDAccountDetails": "https://5617d626-38f7-4af9-a93a-51e7c8bebecd.mock.pstmn.io/FDDetails",
  "FetchEFDAccountList": "https://5617d626-38f7-4af9-a93a-51e7c8bebecd.mock.pstmn.io/fetchEFDAccountList",
  "FetchReasonCodeODR": "https://5617d626-38f7-4af9-a93a-51e7c8bebecd.mock.pstmn.io/fetchReasonCodeODR",
  "RaiseNewDispute": "https://87a1b0bb-818e-4b9d-adce-3600be124dfd.mock.pstmn.io/raiseNewDispute",
  "FetchDisputeStatus": "https://5617d626-38f7-4af9-a93a-51e7c8bebecd.mock.pstmn.io/fetchDisputeStatus",
  "FetchNomineeName": "https://5617d626-38f7-4af9-a93a-51e7c8bebecd.mock.pstmn.io/fetchNomineeName",
  "FetchOldSI": "https://5617d626-38f7-4af9-a93a-51e7c8bebecd.mock.pstmn.io/fetchOldSI",
  "GenerateMMID": "https://87a1b0bb-818e-4b9d-adce-3600be124dfd.mock.pstmn.io/user/generateMMID/{CUSTOMJAVACODE~apiRequest.requestObj.requestId}",
  "GetAccountList": "http://10.128.107.105:9918/MobileBanking/LifeStyleBanking/accountEnquiry/{REQUEST~apiRequest.requestObj.requestId}",
  "GetAccountList_en": "http://10.128.107.105:9918/MobileBanking/LifeStyleBanking/accountEnquiry/{REQUEST~apiRequest.requestObj.requestId}",
  "GetAccountList_kn": "http://localhost:8286/mockserver/accountService",
  "GetAccountList_ar": "http://localhost:8286/mockserver/accountService",
  "GetCustomerDetails": "http://10.128.107.105:9918/MobileBanking/LifeStyleBanking/cifMiniEnquiry/{REQUEST~apiRequest.requestObj.requestId}",
  "GetDepositAccounts": "http://localhost:8286/mockserver/depositService",
  "GetDepositAccounts_en": "http://localhost:8286/mockserver/depositService",
  "GetDepositAccounts_kn": "http://localhost:8286/mockserver/depositService",
  "GetDepositAccounts_ar": "http://localhost:8286/mockserver/depositService",
  "GetDepositDetails_en": "http://localhost:8286/mockserver/depositInfo",
  "GetDepositDetails_kn": "http://localhost:8286/mockserver/depositInfo",
  "GetDepositDetails_ar": "http://localhost:8286/mockserver/depositInfo",
  "GetExchangeRates": "http://localhost:8286/mockserver/fetchExchangeRate",
  "GetLoanAccounts": "http://localhost:8286/mockserver/loanService",
  "GetLoanAccounts_en": "http://localhost:8286/mockserver/loanService",
  "GetLoanAccounts_kn": "http://localhost:8286/mockserver/loanService",
  "GetLoanAccounts_ar": "http://localhost:8286/mockserver/loanService",
  "GetLoanDetails_en": "http://10.128.107.105:9918/MobileBanking/LifeStyleBanking/loanAccEnquiryForMB/{REQUEST~apiRequest.requestObj.requestId}",
  "GetLoanDetails_kn": "http://localhost:8286/mockserver/loanInfo",
  "GetLoanDetails_ar": "http://localhost:8286/mockserver/loanInfo",
  "IFetchPrepaidRechargePlans": "http://localhost:8286/mockserver/rechargePlans",
  "LoanSchedule": "http://localhost:8286/mockserver/loanSchedule",
  "LoanInterestCert": "https://5617d626-38f7-4af9-a93a-51e7c8bebecd.mock.pstmn.io/loanInterestCert",
  "LoanDetails": "https://5617d626-38f7-4af9-a93a-51e7c8bebecd.mock.pstmn.io/loanDetails",
  "LoanAccountEnquiry": "https://87a1b0bb-818e-4b9d-adce-3600be124dfd.mock.pstmn.io/loans/loanAccEnquiry/{CUSTOMJAVACODE~apiRequest.requestObj.requestId}",
  "MaturityDetails": "https://5617d626-38f7-4af9-a93a-51e7c8bebecd.mock.pstmn.io/maturityDetails",
  "MultipleBillerFetch": "http://localhost:8286/mockserver/fetchMultiBills",
  "MultipleBillPay": "http://localhost:8286/mockserver/multipleBillPay",
  "MultipleBillPayment": "http://localhost:8286/mockserver/billPayments",
  "NomineeCreate": "http://localhost:8286/mockserver/createnominee",
  "NomineeDelete": "http://localhost:8286/mockserver/deletenominee",
  "NomineeFetch": "http://10.128.107.105:9918/MobileBanking/LifeStyleBanking/fetchNomineeEnquiry/{REQUEST~apiRequest.requestObj.requestId}",
  "NomineeUpdate": "http://10.128.107.105:9918/MobileBanking/LifeStyleBanking/updateNominee/{REQUEST~apiRequest.requestObj.requestId}",
  "NotifPayloadIntf": "http://localhost:8285/appzillonbankingnotification/notifPayloadAndLogs/createNotifPayload",
  "OpenCASAAccount": "http://localhost:8286/mockserver/openAccount",
  "PassbookRequest": "http://localhost:8286/mockserver/passbooknew",
  "PayBills": "http://localhost:8286/mockserver/billPayments",
  "PAYMS": "http://localhost:8283/appzillonbankingpayment/payment/bill/pay",
  "PfmAccountStatement": "http://localhost:8284/appzillonbankingpfm/pfm/budget/accountstatement",
  "PfmBillPayment": "http://localhost:8284/appzillonbankingpfm/pfm/budget/paymentHistory",
  "PfmRecentBillPayment": "http://localhost:8284/appzillonbankingpfm/pfm/budget/recentBillPayments",
  "PfmTransactionHistory": "http://localhost:8284/appzillonbankingpfm/pfm/budget/history",
  "PopulatePfmTxns": "http://localhost:8284/appzillonbankingpfm/pfm/populatepfmtxns",
  "PositivePay": "http://localhost:8286/mockserver/serviceRequest",
  "ReIssueCreditCard": "https://5617d626-38f7-4af9-a93a-51e7c8bebecd.mock.pstmn.io/reIssueCreditCard",
  "cifMiniEnquiry": "http://10.128.107.105:9918/MobileBanking/LifeStyleBanking/cifMiniEnquiry/{REQUEST~apiRequest.requestObj.requestId}",
  "ReKYCUpdation": "http://10.128.107.105:9918/MobileBanking/LifeStyleBanking/updateUserReKYCSatus/{REQUEST~apiRequest.requestObj.requestId}",
  "StopCheque": "https://5617d626-38f7-4af9-a93a-51e7c8bebecd.mock.pstmn.io/stopCheque",
  "ScheduleBranchAppointment": "http://localhost:8286/mockserver/schedulebranchappointment",
  "SetCreditCardLimit": "https://5617d626-38f7-4af9-a93a-51e7c8bebecd.mock.pstmn.io/setCreditCardLimit",
  "ScheduleTransferAddEdit": "https://87a1b0bb-818e-4b9d-adce-3600be124dfd.mock.pstmn.io/scheduleTransfer/addEdit/{CUSTOMJAVACODE~apiRequest.requestObj.requestId}",
  "ScheduleTransferDelete": "https://87a1b0bb-818e-4b9d-adce-3600be124dfd.mock.pstmn.io/scheduleTransfer/delete/{CUSTOMJAVACODE~apiRequest.requestObj.requestId}",
  "ScheduleTransferFetch": "https://87a1b0bb-818e-4b9d-adce-3600be124dfd.mock.pstmn.io/scheduleTransfer/fetch/{CUSTOMJAVACODE~apiRequest.requestObj.requestId}",
  "ServiceRequest": "http://localhost:8286/mockserver/serviceRequest",
  "SGB_TrancheDetails": "https://5617d626-38f7-4af9-a93a-51e7c8bebecd.mock.pstmn.io/trancheDetails",
  "SGB_CategoryMaster": "https://5617d626-38f7-4af9-a93a-51e7c8bebecd.mock.pstmn.io/categoryMaster",
  "SGB_StatesCode": "https://5617d626-38f7-4af9-a93a-51e7c8bebecd.mock.pstmn.io/fetchStatesCode",
  "SGB_AccountDetails": "https://5617d626-38f7-4af9-a93a-51e7c8bebecd.mock.pstmn.io/accountDetails",
  "SGB_Certificate": "https://5617d626-38f7-4af9-a93a-51e7c8bebecd.mock.pstmn.io/fetchSGBCertificate",
  "SGB_Apply": "https://5617d626-38f7-4af9-a93a-51e7c8bebecd.mock.pstmn.io/apply",
  "SGB_ExistingQuantity": "https://5617d626-38f7-4af9-a93a-51e7c8bebecd.mock.pstmn.io/fetchExistingQuantity",
  "TPBanking": "http://localhost:8286/mockserver/tpbanking",
  "TransactionHistory": "http://10.128.61.27:9918/MobileBanking/LifeStyleBanking/AccStatementforMB/{REQUEST~apiRequest.requestObj.requestId}",
  "TransactionTrends": "http://localhost:8286/mockserver/fetchTransactionTrends",
  "updateCreditCardDetails": "http://localhost:8286/mockserver/updateCreditCardDetails",
  "UpdateDebitCardLmtDtls": "http://localhost:8286/mockserver/updatedebitcardlimits",
  "UpdateLinkedAccount": "http://localhost:8286/mockserver/changelinkedaccount",
  "UpdatePersonalizeDetails": "http://localhost:8286/mockserver/updatePersonalizeAccount",
  "UpdateProfileDet": "http://localhost:8286/mockserver/updateuserdetails",
  "UnBlockDigitalChannel": "https://5617d626-38f7-4af9-a93a-51e7c8bebecd.mock.pstmn.io/unblockDigitalChannel",
  "ValidateCreditCards": "http://localhost:8286/mockserver/validateCreditCards",
  "ValidateDebitCard": "http://localhost:8286/mockserver/validatedebitcarddetails",
  "ValidateUserDetails": "http://localhost:8286/mockserver/validateuserdetails",
  "VerifyCustomerInfo": "http://10.128.107.105:9918/MobileBanking/LifeStyleBanking/cifMiniEnquiry/{REQUEST~apiRequest.requestObj.requestId}",
  "Viewallbillers": "http://localhost:8286/mockserver/fetchallbills",
  "ViewBills": "http://localhost:8286/mockserver/fetchbilldetails",
  "ViewChequeStatus": "http://localhost:8286/mockserver/chequeBookStatus",
  "ViewStatement": "http://localhost:8286/mockserver/fetchcreditcardtxns",
  "MGTAX_FundTransfer": "http://localhost:8282/appzillonbankingtransfer/transfer/initiate",
  "TIN2_FundTransfer": "http://localhost:8282/appzillonbankingtransfer/transfer/initiate",
  "BILLPAY_FundTransfer": "http://localhost:8282/appzillonbankingtransfer/transfer/initiate",
  "PG000001_FundTransfer": "http://localhost:8282/appzillonbankingtransfer/transfer/initiate",
  "PG000002_FundTransfer": "http://localhost:8282/appzillonbankingtransfer/transfer/initiate",
  "PG000003_FundTransfer": "http://localhost:8282/appzillonbankingtransfer/transfer/initiate",
  "PG000004_FundTransfer": "http://localhost:8282/appzillonbankingtransfer/transfer/initiate",
  "PG000005_FundTransfer": "http://localhost:8282/appzillonbankingtransfer/transfer/initiate",
  "PG000006_FundTransfer": "http://localhost:8282/appzillonbankingtransfer/transfer/initiate",
  "PG000007_FundTransfer": "http://localhost:8282/appzillonbankingtransfer/transfer/initiate",
  "PG000008_FundTransfer": "http://localhost:8282/appzillonbankingtransfer/transfer/initiate",
  "PG000009_FundTransfer": "http://localhost:8282/appzillonbankingtransfer/transfer/initiate",
  "PG000010_FundTransfer": "http://localhost:8282/appzillonbankingtransfer/transfer/initiate",
  "PG000011_FundTransfer": "http://localhost:8282/appzillonbankingtransfer/transfer/initiate",
  "GSTN_FundTransfer": "http://localhost:8282/appzillonbankingtransfer/transfer/initiate",
  "IRCTC_FundTransfer": "http://localhost:8282/appzillonbankingtransfer/transfer/initiate",
  "EPFO_FundTransfer": "http://localhost:8282/appzillonbankingtransfer/transfer/initiate",
  "FDBIHAR_GOVT_FundTransfer": "http://localhost:8282/appzillonbankingtransfer/transfer/initiate",
  "GJGOVT_VAT_FundTransfer": "http://localhost:8282/appzillonbankingtransfer/transfer/initiate",
  "MPGOVT_FundTransfer": "http://localhost:8282/appzillonbankingtransfer/transfer/initiate",
  "ODGOVT_FundTransfer": "http://localhost:8282/appzillonbankingtransfer/transfer/initiate",
  "TGCYBER_FundTransfer": "http://localhost:8282/appzillonbankingtransfer/transfer/initiate",
  "MH_GOVT_FundTransfer": "http://localhost:8282/appzillonbankingtransfer/transfer/initiate",
  "CG_GOVT_FundTransfer": "http://localhost:8282/appzillonbankingtransfer/transfer/initiate",
  "TNIGR_FundTransfer": "http://localhost:8282/appzillonbankingtransfer/transfer/initiate",
  "DVAT_FundTransfer": "http://localhost:8282/appzillonbankingtransfer/transfer/initiate",
  "UPCT_COM_FundTransfer": "http://localhost:8282/appzillonbankingtransfer/transfer/initiate",
  "FetchClosedDeposit_en": "http://localhost:8286/mockserver/fetchClosedDeposits",
  "FetchClosedDeposit_kn": "http://localhost:8286/mockserver/fetchClosedDeposits",
  "FetchClosedDeposit_ar": "http://localhost:8286/mockserver/fetchClosedDeposits",
  "FetchClosedLoans_en": "http://localhost:8286/mockserver/fetchClosedLoans",
  "FetchClosedLoans_ar": "http://localhost:8286/mockserver/fetchClosedLoans",
  "FetchClosedLoans_kn": "http://localhost:8286/mockserver/fetchClosedLoans",
  "FetchClosedCASA": "http://localhost:8286/mockserver/ClosedCASADetails",
  "FetchClosedCASA_en": "http://localhost:8286/mockserver/ClosedCASADetails",
  "FetchClosedCASA_kn": "http://localhost:8286/mockserver/ClosedCASADetails",
  "FetchClosedCASA_ar": "http://localhost:8286/mockserver/ClosedCASADetails",
  "FundTransfer_CARDLESS": "http://localhost:8286/mockserver/fundTransfer",
  "FundTransfer_CARDPAYMENT": "http://localhost:8286/mockserver/fundTransfer",
  "FundTransfer_DEP": "http://localhost:8286/mockserver/fundTransfer",
  "FundTransfer_INT": "http://localhost:8286/mockserver/fundTransfer",
  "FundTransfer_LNS": "http://localhost:8286/mockserver/fundTransfer",
  "FundTransfer_OTH": "http://10.128.107.105:9918/MobileBanking/LifeStyleBanking/NEFTRTGSByTransfer/{REQUEST~apiRequest.requestObj.requestId}",
  "FundTransfer_OWN": "http://10.128.107.105:9918/MobileBanking/LifeStyleBanking/FundTransfer/{REQUEST~apiRequest.requestObj.requestId}",
  "FundTransfer_WIT": "http://10.128.107.105:9918/MobileBanking/LifeStyleBanking/FundTransfer/{REQUEST~apiRequest.requestObj.requestId}",
  "CardlessCashWithdraw_CARDLESS": "http://localhost:8286/mockserver/cardlessCashWithdraw",
  "CBSRegistationViaAadhaar": "http://10.128.107.105:9918/MobileBanking/LifeStyleBanking/CBSRegistrationViaAadhaar/{REQUEST~apiRequest.requestObj.requestId}",
  "SendSMS": "http://10.128.107.101:8181/ConnectOneUrl/sendencsms/sendencsms",
  "GetFDDetails": "http://10.128.107.105:9918/MobileBanking/LifeStyleBanking/FDDetails/{REQUEST~apiRequest.requestObj.requestId}",
  "GetRDDetails": "http://10.128.107.105:9918/MobileBanking/LifeStyleBanking/RDDetails/{REQUEST~apiRequest.requestObj.requestId}",
  "BeneficiaryDetails": "http://10.128.107.105:9918/MobileBanking/LifeStyleBanking/BeneficiariesDetails/{REQUEST~apiRequest.requestObj.requestId}",
  "AddBenificiary": "http://10.128.107.105:9918/MobileBanking/LifeStyleBanking/AddBeneficiaryDetails/{REQUEST~apiRequest.requestObj.requestId}",
  "FetchBeneficiary": "http://10.128.107.105:9918/MobileBanking/LifeStyleBanking/FetchBeneficiaryDetails/{REQUEST~apiRequest.requestObj.requestId}",
  "UpdateBenificiary": "http://10.128.107.105:9918/MobileBanking/LifeStyleBanking/UpdateBeneficiaryDetails/{REQUEST~apiRequest.requestObj.requestId}",
  "DeleteBeneficiary": "http://10.128.107.105:9918/MobileBanking/LifeStyleBanking/DeleteBeneficiary/{REQUEST~apiRequest.requestObj.requestId}",
  "ApproveBeneficiary": "http://10.128.107.105:9918/MobileBanking/LifeStyleBanking/ApproveBeneficiary/{REQUEST~apiRequest.requestObj.requestId}",
  "UpdateMaturityInstruction": "http://10.128.107.105:9918/MobileBanking/LifeStyleBanking/updateMaturity/{REQUEST~apiRequest.requestObj.requestId}",
  "FetchAccountProductsDetails": "http://10.128.107.105:9918/MobileBanking/LifeStyleBanking/AvailableProdEnq/{REQUEST~apiRequest.requestObj.requestId}",
  "OverDraftDetails": "http://10.128.107.105:9918/MobileBanking/LifeStyleBanking/ccAccountEnquiry/{REQUEST~apiRequest.requestObj.requestId}",
  "BlockUserChannel": "http://10.128.107.105:9918/MobileBanking/LifeStyleBanking/blockThroughAPI/{REQUEST~apiRequest.requestObj.requestId}",
  "UserEnquiry": "http://10.128.107.105:9918/MobileBanking/LifeStyleBanking/UserEnquiry/{REQUEST~apiRequest.requestObj.requestId}",
  "ComplaintRaiseBackup": "https://5617d626-38f7-4af9-a93a-51e7c8bebecd.mock.pstmn.io/complaintRaise",
  "ComplaintRaise":"https://10.128.107.113:7001/SPGRS_APP_API/api/v1/grievance/savenewgrievance",
  "ComplaintListBackup": "https://5617d626-38f7-4af9-a93a-51e7c8bebecd.mock.pstmn.io/fetchComplaints",
  "ComplaintList": "https://10.128.107.113:7001/SPGRS_APP_API/api/v1/grievance/getgdetailsbycif",
  "FetchComplaintDetailBackup": "https://5617d626-38f7-4af9-a93a-51e7c8bebecd.mock.pstmn.io/fetchComplaintDetail",
  "FetchComplaintDetail": "https://10.128.107.113:7001/SPGRS_APP_API/api/v1/grievance/getgdetails"
}
