{
  "apiURL": "${URL}",
  "servicetype": "HTTP",
  "methodType": "POST",
  "contentType": "application/json",
  "headers": {
    "Content-Type": "application/json",
    "Accept": "*/*",
    "Authorization": ""
  },
  "requestDef": {
    "customerId": "${REQUEST~apiRequest.requestObj.customerId}",
    "debitAcctNo": "${REQUEST~apiRequest.requestObj.debitAcctNo}",
    "startDate": "${REQUEST~apiRequest.requestObj.startDate}",
    "endDate": "${REQUEST~apiRequest.requestObj.endDate}",
    "offset": "${REQUEST~apiRequest.requestObj.offset}",
    "limit": "${REQUEST~apiRequest.requestObj.limit}",
    "txnCount": "${REQUEST~apiRequest.requestObj.txnCount}",
    "cardName": "${REQUEST~apiRequest.requestObj.cardName}",
    "fromDate": "${REQUEST~apiRequest.requestObj.fromDate}",
    "toDate": "${REQUEST~apiRequest.requestObj.toDate}"
  },
  "responseDef": {
    "serviceStatusCode": "${RESPONSE~serviceStatusCode}",
    "totalItems": "${RESPONSE~totalItems}",
    "totalPages": "${RESPONSE~totalPages}",
    "accountDetails": [
      {
        "trnCcy": "${RESPONSE~AccountStatement[].trnCcy}",
        "creditAccount": "${RESPONSE~AccountStatement[].creditAccount}",
        "drcrIndicator": "${RESPONSE~AccountStatement[].drcrIndicator}",
        "trnDesc": "${RESPONSE~AccountStatement[].trnDesc}",
        "closingBalance": "${RESPONSE~AccountStatement[].closingBalance}",
        "accountCcy": "${RESPONSE~AccountStatement[].accountCcy}",
        "trnRefNo": "${RESPONSE~AccountStatement[].trnRefNo}",
        "accountNo": "${RESPONSE~AccountStatement[].accountNo}",
        "trnDate": "${RESPONSE~AccountStatement[].trnDate}",
        "customerId": "${RESPONSE~AccountStatement[].customerId}",
        "trnAmount": "${RESPONSE~AccountStatement[].trnAmount}",
        "openingBalance": "${RESPONSE~AccountStatement[].openingBalance}",
        "runningBalance": "${RESPONSE~AccountStatement[].runningBalance}",
        "creditAccountCcy": "${RESPONSE~AccountStatement[].creditAccountCcy}"
      }
    ]
  },
  "logging": {
    "logRequired": "Y",
    "logType": "BOTH"
  },
  "timeout":"10"
}