{
  "apiURL": "${URL}",
  "servicetype": "HTTP",
  "methodType": "GET",
  "contentType": "application/json",
  "headers": {
    "Content-Type": "application/json",
    "Accept": "*/*",
    "Authorization": ""
  },
  "requestDef": {
    "reqTimestamp": "${REQUEST~apiRequest.requestObj.reqTimestamp}",
    "vendor": "${REQUEST~apiRequest.requestObj.vendor}",
    "requestId": "${REQUEST~apiRequest.requestObj.requestId}",
    "client": "${REQUEST~apiRequest.requestObj.client}",
    "chksum": "${REQUEST~apiRequest.requestObj.chksum}",
    "data": {
      "fromDate": "${REQUEST~apiRequest.requestObj.data.fromDate}",
      "isPasswordProtected": "${REQUEST~apiRequest.requestObj.data.isPasswordProtected}",
      "referenceNo": "${REQUEST~apiRequest.requestObj.data.referenceNo}",
      "requestType": "${REQUEST~apiRequest.requestObj.data.requestType}",
      "requestId": "${REQUEST~apiRequest.requestObj.data.requestId}",
      "accountNo": "${REQUEST~apiRequest.requestObj.data.accountNo}",
      "toDate": "${REQUEST~apiRequest.requestObj.data.toDate}"
    }
  },
  "responseDef": "",
  "logging": {
    "logRequired": "Y",
    "logType": "BOTH"
  },
  "timeout": "10"
}