{
  "apiURL": "${URL}",
  "servicetype": "HTTP",
  "methodType": "POST",
  "contentType": "application/json",
  "headers": {
    "Content-Type": "application/json",
    "Accept": "*/*",
    "Authorization": ""
  },
  "requestDef": {
    "vendor": "${CONST~IEXCEEDLSB}",
    "client": "${CONST~BOM}",
    "requestId": "${REQUEST~apiRequest.requestObj.requestId}",
    "data": "${REQUEST~apiRequest.requestObj.data}",
    "reqTimestamp": "${CUSTOMJAVACODE~generateRequestTimestamp}",
    "chksum": "${CONST~13456}"
  },
  "responseDef": {
    "accounts": {
      "accountNumber~LIT_ACC_DLBL1~Account number": "${RESPONSE~accountNumber}",
      "accountName~LIT_ACC_DLBL2~Account name": "${RESPONSE~customerName}",
      "accountHomeBranch~LIT_ACC_DLBL3~Account home branch": "${RESPONSE~branchName}",
      "homeBranch~LIT_ACC_DLBL4~Home branch": "${RESPONSE~homeBranch}",
      "accOpnDate~LIT_ACC_DLBL5~Account open date": "${RESPONSE~accOpnDate}",
      "status~LIT_ACC_DLBL6~Status": "${RESPONSE~accountStatus}",
      "holdAmount~LIT_ACC_DLBL7~Hold amount": "${RESPONSE~holdAmount}",
      "accountType~LIT_ACC_DLBL8~Account type": "${RESPONSE~productCode}",
      "totalBalance~LIT_ACC_DLBL9~Total balance": "${RESPONSE~outStandingBal}",
      "uncleareadBa~LIT_ACC_DLBL10~Uncleared balance": "${RESPONSE~uncleareadBal}",
      "availbal~LIT_ACC_DLBL11~Available balance": "${RESPONSE~availbal}",
      "customerName": "${RESPONSE~accountName}",
      "currency": "${RESPONSE~currency}"
    }
  },
  "logging": {
    "logRequired": "Y",
    "logType": "BOTH"
  }
}