{
  "apiURL": "${URL}",
  "servicetype": "HTTP",
  "methodType": "POST",
  "contentType": "application/json",
  "headers": {
    "Content-Type": "application/json",
    "Accept": "*/*",
    "Authorization": ""
  },
  "requestDef": {
    "customerId": "${REQUEST~apiRequest.requestObj.customerId}",
    "debitAcctNo": "${REQUEST~apiRequest.requestObj.debitAcctNo}"
  },
  "responseDef": {
    "serviceStatusCode": "${RESPONSE~serviceStatusCode}",
    "accounts": {
        "customerId": "${RESPONSE~accounts.customerId}",
        "accountNo~LIT_ACC_DLBL3~Account Number": "${RESPONSE~accounts.accountNo}",
        "branchCode": "${RESPONSE~accounts.branchCode}",
        "availBalance~LIT_ACC_DLBL8~Available Balance": "${RESPONSE~accounts.availBalance}",
        "currentBalance": "${RESPONSE~accounts.currentBalance}",
        "withdrawBalance": "${RESPONSE~accounts.withdrawBalance}",
        "overdraftLimit": "${RESPONSE~accounts.overdraftLimit}",
        "branchName": "${RESPONSE~accounts.branchName}",
        "bankName": "${RESPONSE~accounts.bankName}",
        "accountType~LIT_ACC_DLBL2~Account Type": "${RESPONSE~accounts.accountType}",
        "productName": "${RESPONSE~accounts.productName}",
        "currency~LIT_ACC_DLBL6~Currency": "${RESPONSE~accounts.currency}",
        "ifsc~LIT_ACC_DLBL5~IFSC Code": "${RESPONSE~accounts.ifsc}",
        "relationShip": "${RESPONSE~accounts.relationShip}",
        "openedDate": "${RESPONSE~accounts.openedDate}",
        "lienAmount": "${RESPONSE~accounts.lienAmount}",
        "bankAddress~LIT_ACC_DLBL4~Branch": "${RESPONSE~accounts.bankAddress}",
        "acctName~LIT_ACC_DLBL1~Account Holder Name": "${RESPONSE~accounts.acctName}",
        "jointHolderName~LIT_ACC_DLBL7~Joint Account Holder": "${RESPONSE~accounts.jointHolderName}",
        "emailFrequency": "${RESPONSE~accounts.emailFrequency}",
        "nickName": "${RESPONSE~accounts.nickName}",
        "creditAllowed": "${RESPONSE~accounts.creditAllowed}",
        "debitAllowed": "${RESPONSE~accounts.debitAllowed}"
      }
  },
  "logging": {
    "logRequired": "Y",
    "logType": "BOTH"
  },
  "timeout":"10"
}