{

  "apiURL": "${URL}",
  "servicetype": "HTTP",
  "methodType": "GET",
  "contentType": "application/json",
  "headers": {
    "Content-Type": "application/json",
    "Accept": "*/*",
    "Authorization": ""
  },
  "requestDef": {
    "reqTimestamp": "${REQUEST~apiRequest.requestObj.reqTimestamp}",
    "data": {
      "requestMaker": "${REQUEST~apiRequest.requestObj.data.requestMaker}",
      "requestChecker1": "${REQUEST~apiRequest.requestObj.data.requestChecker1}",
      "requestBranch": "${REQUEST~apiRequest.requestObj.data.requestBranch}",
      "requestType": "${REQUEST~apiRequest.requestObj.data.requestType}",
      "requestId": "${REQUEST~apiRequest.requestObj.data.requestId}",
      "existingCifAccountNo": "${REQUEST~apiRequest.requestObj.data.existingCifAccountNo}",
      "system": "${REQUEST~apiRequest.requestObj.data.system}",
      "customerAccount": "${REQUEST~apiRequest.requestObj.data.customerAccount}",
      "productNo": "${REQUEST~apiRequest.requestObj.data.productNo}",
      "subProduct": "${REQUEST~apiRequest.requestObj.data.subProduct}",
      "loanAmount": "${REQUEST~apiRequest.requestObj.data.loanAmount}",
      "loanTerm": "${REQUEST~apiRequest.requestObj.data.loanTerm}",
      "basis": "${REQUEST~apiRequest.requestObj.data.basis}",
      "segmentCode": "${REQUEST~apiRequest.requestObj.data.segmentCode}",
      "repayDay": "${REQUEST~apiRequest.requestObj.data.repayDay}",
      "capitalisationFrequency": "${REQUEST~apiRequest.requestObj.data.capitalisationFrequency}",
      "mailIndicator": "${REQUEST~apiRequest.requestObj.data.mailIndicator}",
      "noticeProcessIndicator": "${REQUEST~apiRequest.requestObj.data.noticeProcessIndicator}",
      "noticeIndicator": "${REQUEST~apiRequest.requestObj.data.noticeIndicator}",
      "statementFrequency": "${REQUEST~apiRequest.requestObj.data.statementFrequency}",
      "insuranceCode": "${REQUEST~apiRequest.requestObj.data.insuranceCode}",
      "fineCode": "${REQUEST~apiRequest.requestObj.data.fineCode}",
      "pdcRequired": "${REQUEST~apiRequest.requestObj.data.pdcRequired}",
      "language": "${REQUEST~apiRequest.requestObj.data.language}",
      "borderRisk": "${REQUEST~apiRequest.requestObj.data.borderRisk}",
      "timeBand": "${REQUEST~apiRequest.requestObj.data.timeBand}",
      "securityIndicator": "${REQUEST~apiRequest.requestObj.data.securityIndicator}",
      "accountExtractInd": "${REQUEST~apiRequest.requestObj.data.accountExtractInd}",
      "repaymentSchedule": "${REQUEST~apiRequest.requestObj.data.repaymentSchedule}",
      "backDatedRecalculationInd": "${REQUEST~apiRequest.requestObj.data.backDatedRecalculationInd}",
      "compoundingFrequency": "${REQUEST~apiRequest.requestObj.data.compoundingFrequency}",
      "interestMethod": "${REQUEST~apiRequest.requestObj.data.interestMethod}",
      "incrementalInterest": "${REQUEST~apiRequest.requestObj.data.incrementalInterest}",
      "noticeCustomerNo": "${REQUEST~apiRequest.requestObj.data.noticeCustomerNo}",
      "cycle": "${REQUEST~apiRequest.requestObj.data.cycle}",
      "day": "${REQUEST~apiRequest.requestObj.data.day}",
      "copies": "${REQUEST~apiRequest.requestObj.data.copies}",
      "consolidatedStmtProcessing": "${REQUEST~apiRequest.requestObj.data.consolidatedStmtProcessing}",
      "insuranceCustomerNo": "${REQUEST~apiRequest.requestObj.data.insuranceCustomerNo}",
      "redrawIndicator": "${REQUEST~apiRequest.requestObj.data.redrawIndicator}",
      "residualIndicator": "${REQUEST~apiRequest.requestObj.data.residualIndicator}",
      "residualEndowmentAmount": "${REQUEST~apiRequest.requestObj.data.residualEndowmentAmount}",
      "endowmentEndDate": "${REQUEST~apiRequest.requestObj.data.endowmentEndDate}",
      "downPayment": "${REQUEST~apiRequest.requestObj.data.downPayment}",
      "clawbackPeriod": "${REQUEST~apiRequest.requestObj.data.clawbackPeriod}",
      "clawbackDate": "${REQUEST~apiRequest.requestObj.data.clawbackDate}",
      "terminationPeriod": "${REQUEST~apiRequest.requestObj.data.terminationPeriod}",
      "facilityNumber": "${REQUEST~apiRequest.requestObj.data.facilityNumber}",
      "bookingNumber": "${REQUEST~apiRequest.requestObj.data.bookingNumber}",
      "brokerNumber": "${REQUEST~apiRequest.requestObj.data.brokerNumber}",
      "amount": "${REQUEST~apiRequest.requestObj.data.amount}",
      "frequency": "${REQUEST~apiRequest.requestObj.data.frequency}",
      "method": "${REQUEST~apiRequest.requestObj.data.method}",
      "repayTerm": "${REQUEST~apiRequest.requestObj.data.repayTerm}",
      "inflationRateTable": "${REQUEST~apiRequest.requestObj.data.inflationRateTable}",
      "fcyClause": "${REQUEST~apiRequest.requestObj.data.fcyClause}",
      "purposeCode": "${REQUEST~apiRequest.requestObj.data.purposeCode}",
      "nominatedHedgeCurrency": "${REQUEST~apiRequest.requestObj.data.nominatedHedgeCurrency}",
      "extensionCounter": "${REQUEST~apiRequest.requestObj.data.extensionCounter}",
      "preDeterminedCreditCharge": "${REQUEST~apiRequest.requestObj.data.preDeterminedCreditCharge}",
      "interestApplicationStartDate": "${REQUEST~apiRequest.requestObj.data.interestApplicationStartDate}",
      "fundsTransferPricingRate": "${REQUEST~apiRequest.requestObj.data.fundsTransferPricingRate}",
      "tierID": "${REQUEST~apiRequest.requestObj.data.tierID}"

    },
    "vendor": "${REQUEST~apiRequest.requestObj.vendor}",
    "requestId": "${REQUEST~apiRequest.requestObj.requestId}",
    "client": "${REQUEST~apiRequest.requestObj.client}",
    "chksum": "${REQUEST~apiRequest.requestObj.chksum}"
  },
  "responseDef": "",
  "logging": {
    "logRequired": "Y",
    "logType": "BOTH"
  },
  "timeout": "10"
}

 