{
  "apiURL": "${URL}",
  "servicetype": "HTTP",
  "methodType": "POST",
  "contentType": "application/json",
  "headers": {
    "Content-Type": "application/json",
    "Accept": "application/json",
    "Authorization": ""
  },
  "requestDef": {
    "apiRequest": {
      "requestObj": {
        "appId": "${REQUEST~apiRequest.requestObj.appId}",
        "custNo": "${REQUEST~apiRequest.requestObj.custNo}",
		"deviceId": "${REQUEST~apiRequest.requestObj.deviceId}",
        "notificationMsg": "${REQUEST~apiRequest.requestObj.notificationMsg}",
        "title": "${REQUEST~apiRequest.requestObj.title}",
        "category": "${REQUEST~apiRequest.requestObj.category}",
        "content-available": "${REQUEST~apiRequest.requestObj.content-available}",
        "params": {
          "message_param": "${REQUEST~apiRequest.requestObj.params.message_param}"
        }
      }
    }
  },
  "responseDef": "",
  "logging": {
    "logRequired": "Y",
    "logType": "BOTH"
  },
  "timeout":"10"
}