{
  "apiURL": "${URL}",
  "servicetype": "HTTP",
  "methodType": "POST",
  "contentType": "application/json",
  "headers": {
    "Content-Type": "application/json",
    "Accept": "*/*",
    "Authorization": ""
  },
  "requestDef": {
    "customerId": "${REQUEST~apiRequest.requestObj.customerId}",
    "debitAmount": "${REQUEST~apiRequest.requestObj.transactionAmount}",
    "cardNumber": "${REQUEST~apiRequest.requestObj.cardNumber}",
    "transType": "${REQUEST~apiRequest.requestObj.transactionType}",
    "currency": "${REQUEST~apiRequest.requestObj.currency}",
    "billerAccountNumber": "${REQUEST~apiRequest.requestObj.billerAccountNumber}",
    "transactionCcy": "${REQUEST~apiRequest.requestObj.transactionCcy}",
    "billName": "${REQUEST~apiRequest.requestObj.billNickName}",
	"billerCategory": "${REQUEST~apiRequest.requestObj.billerCategory}"
  },
  "responseDef": {
    "txnRefNo": "${RESPONSE~billPaymentsResponse.txnRefNo}",
    "serviceStatusCode": "${RESPONSE~serviceStatusCode}",
    "hostErrorMsg": "${RESPONSE~hostErrorMsg}",
    "billPaymentsResponse": {
      "txnRefNo": "${RESPONSE~billPaymentsResponse.txnRefNo}",
      "txnDate": "${RESPONSE~billPaymentsResponse.txnDate}",
      "txnStatus": "${RESPONSE~billPaymentsResponse.txnStatus}"
    }
  },
  "logging": {
    "logRequired": "Y",
    "logType": "BOTH"
  },
  "timeout":"10"
}