{
  "apiURL": "${URL}",
  "servicetype": "HTTP",
  "methodType": "GET",
  "contentType": "application/json",
  "headers": {
    "Content-Type": "application/json",
    "Accept": "*/*",
    "Authorization": ""
  },
  "requestDef": {
    "channelId": "${REQUEST~apiRequest.requestObj.channelId}",
    "institutionId": "${REQUEST~apiRequest.requestObj.institutionId}",
    "txnType": "${REQUEST~apiRequest.requestObj.txnType}",
    "extRefNum": "${REQUEST~apiRequest.requestObj.extRefNum}",
    "remMobNo": "${REQUEST~apiRequest.requestObj.remMobNo}",
    "remAcctNo": "${REQUEST~apiRequest.requestObj.remAcctNo}",
    "benMobNo": "${REQUEST~apiRequest.requestObj.benMobNo}",
    "txnAmt": "${REQUEST~apiRequest.requestObj.txnAmt}",
    "txnDateTime": "${REQUEST~apiRequest.requestObj.txnDateTime}",
    "remarks": "${REQUEST~apiRequest.requestObj.remarks}"      
  },
  "responseDef": "",
  "logging": {
    "logRequired": "Y",
    "logType": "BOTH"
  },
  "timeout":"10"
}