{
  "apiURL": "${URL}",
  "servicetype": "HTTP",
  "methodType": "POST",
  "contentType": "application/json",
  "headers": {
    "Content-Type": "application/json",
    "Accept": "*/*",
    "Authorization": ""
  },
  "requestDef": {
    "vendor": "${CONST~IEXCEEDLSB}",
    "client": "${CONST~BOM}",
    "requestId": "${REQUEST~apiRequest.requestObj.requestId}",
    "data": "${REQUEST~apiRequest.requestObj.data}",
    "reqTimestamp": "${CUSTOMJAVACODE~generateRequestTimestamp}",
    "chksum": "${CONST~13456}"
  },
  "responseDef": {
    "aadhaarNo": "${RESPONSE~aadhaarNo}",
    "adhaarExist": "${RESPONSE~adhaarExist}",
    "status": "${RESPONSE~status}",
    "responseCode": "${RESPONSE~responseCode}",
    "responseMessage": "${RESPONSE~responseMessage}"
  },
  "logging": {
    "logRequired": "Y",
    "logType": "BOTH"
  }
}