{
  "apiURL": "${URL}",
  "servicetype": "HTTP",
  "methodType": "POST",
  "contentType": "application/json",
  "headers": {
    "Content-Type": "application/json",
    "Accept": "*/*",
    "Authorization": ""
  },
  "requestDef": {
    "apiRequest": {
      "requestObj": {
        "accNumberDesc": "${REQUEST~apiRequest.requestObj.accNumberDesc}",
        "amountAsOf": "${REQUEST~apiRequest.requestObj.amountAsOf}",
        "autoRedemption": "${REQUEST~apiRequest.requestObj.autoRedemption}",
        "currentAmount": "${REQUEST~apiRequest.requestObj.currentAmount}",
        "customerId": "${REQUEST~apiRequest.requestObj.customerId}",
        "goalCatId": "${REQUEST~apiRequest.requestObj.goalCatId}",
        "goalName": "${REQUEST~apiRequest.requestObj.goalName}",
        "goalStatus": "${REQUEST~apiRequest.requestObj.goalStatus}",
        "initialDepositAmt": "${REQUEST~apiRequest.requestObj.initialDepositAmt}",
        "maturityDate": "${REQUEST~apiRequest.requestObj.maturityDate}",
        "depositAccountNum": "${REQUEST~apiRequest.requestObj.depositAccountNum}",
        "siAmount": "${REQUEST~apiRequest.requestObj.siAmount}",
        "autoDebit": "${REQUEST~apiRequest.requestObj.autoDebit}",
        "autoDebitAccNo": "${REQUEST~apiRequest.requestObj.autoDebitAccNo}",
        "siStartDate": "${REQUEST~apiRequest.requestObj.siStartDate}",
        "siStatus": "${REQUEST~apiRequest.requestObj.siStatus}",
        "targetAmount": "${REQUEST~apiRequest.requestObj.targetAmount}",
        "depositTenureInMonths": "${REQUEST~apiRequest.requestObj.depositTenureInMonths}",
        "debitAcctNo": "${REQUEST~apiRequest.requestObj.debitAcctNo}",
        "debitAcctType": "${REQUEST~apiRequest.requestObj.debitAcctType}",
        "isGoalRequired": "${REQUEST~apiRequest.requestObj.isGoalRequired}",
        "isGoalDetailsRequired": "${REQUEST~apiRequest.requestObj.isGoalDetailsRequired}"
      }
    }
  },
  "responseDef": "",
  "logging": {
    "logRequired": "Y",
    "logType": "BOTH"
  },
  "timeout":"10"
}
