{
  "apiURL": "${URL}",
  "servicetype": "HTTP",
  "methodType": "POST",
  "contentType": "application/json",
  "headers": {
    "Content-Type": "application/json",
    "Accept": "*/*",
    "Authorization": "",
    "appId": "${REQUEST~apiRequest.appId}",
    "interfaceId": "${REQUEST~apiRequest.interfaceName}",
    "userId": "${REQUEST~apiRequest.userId}",
    "masterTxnRefNo": "",
    "deviceId": ""
  },
  "requestDef": {
    "apiRequest": {
      "appId": "${REQUEST~apiRequest.appId}",
      "userId": "${REQUEST~apiRequest.userId}",
      "interfaceName": "${REQUEST~apiRequest.interfaceName}",
      "requestObj": {
        "debitAcctNo": "${REQUEST~apiRequest.requestObj.debitAcctNo}",
        "autoDebit": "${REQUEST~apiRequest.requestObj.autoDebit}",
        "accountHolderName": "${REQUEST~apiRequest.requestObj.accountHolderName}",
        "autoDebitAccNo": "${REQUEST~apiRequest.requestObj.autoDebitAccNo}",
        "autoDebitDate": "${REQUEST~apiRequest.requestObj.autoDebitDate}",
        "branchCode": "${REQUEST~apiRequest.requestObj.branchCode}",
        "branchName": "${REQUEST~apiRequest.requestObj.branchName}",
        "customerId": "${REQUEST~apiRequest.requestObj.customerId}",
        "debitAcctCcy": "${REQUEST~apiRequest.requestObj.debitAcctCcy}",
        "depAccountType": "${REQUEST~apiRequest.requestObj.depAccountType}",
        "depProductType": "${REQUEST~apiRequest.requestObj.depProductType}",
        "depositAmount": "${REQUEST~apiRequest.requestObj.depositAmount}",
        "depositDate": "${REQUEST~apiRequest.requestObj.depositDate}",
        "depositInterestRate": "${REQUEST~apiRequest.requestObj.depositInterestRate}",
        "depositTenureInMonths": "${REQUEST~apiRequest.requestObj.depositTenureInMonths}",
        "maturityDate": "${REQUEST~apiRequest.requestObj.maturityDate}",
        "maturityInstruction": "${REQUEST~apiRequest.requestObj.maturityInstruction}",
        "nomineeAddress": "${REQUEST~apiRequest.requestObj.nomineeAddress}",
        "nomineeName": "${REQUEST~apiRequest.requestObj.nomineeName}",
        "payoutAccount": "${REQUEST~apiRequest.requestObj.payoutAccount}",
        "stRequestFields": {
          "action": "${REQUEST~apiRequest.requestObj.action}",
          "benefAcctNo": "${REQUEST~apiRequest.requestObj.benefAcctNo}",
          "benefAcctType": "${REQUEST~apiRequest.requestObj.benefAcctType}",
          "benefBankCode": "${REQUEST~apiRequest.requestObj.benefBankCode}",
          "benefBankName": "${REQUEST~apiRequest.requestObj.benefBankName}",
          "benefName": "${REQUEST~apiRequest.requestObj.benefName}",
          "benefShortName": "${REQUEST~apiRequest.requestObj.benefShortName}",
          "benefType": "${REQUEST~apiRequest.requestObj.benefType}",
          "beneficiaryCustId": "${REQUEST~apiRequest.requestObj.beneficiaryCustId}",
          "customerId": "${REQUEST~apiRequest.requestObj.customerId}",
          "debitAcctCcy": "${REQUEST~apiRequest.requestObj.debitAcctCcy}",
          "debitAcctNo": "${REQUEST~apiRequest.requestObj.debitAcctNo}",
          "intermediaryBankCode": "${REQUEST~apiRequest.requestObj.intermediaryBankCode}",
          "intermediaryBankName": "${REQUEST~apiRequest.requestObj.intermediaryBankName}",
          "noOfInstallments": "${REQUEST~apiRequest.requestObj.noOfInstallments}",
          "scheduleFrequency": "${REQUEST~apiRequest.requestObj.scheduleFrequency}",
          "scheduleId": "${REQUEST~apiRequest.requestObj.scheduleId}",
          "scheduleTransferRemarks": "${REQUEST~apiRequest.requestObj.scheduleTransferRemarks}",
          "scheduleTxnType": "${REQUEST~apiRequest.requestObj.scheduleTxnType}",
          "transactionAmount": "${REQUEST~apiRequest.requestObj.transactionAmount}",
          "transactionCcy": "${REQUEST~apiRequest.requestObj.transactionCcy}",
          "transactionType": "${REQUEST~apiRequest.requestObj.transactionType}",
          "txnScheduleFromDate": "${REQUEST~apiRequest.requestObj.txnScheduleFromDate}"
        }
      }
    }
  },
  "responseDef": "",
  "logging": {
    "logRequired": "Y",
    "logType": "BOTH"
  },
  "timeout":"10"
}