{
    "apiURL": "${URL}",
    "servicetype": "HTTP",
    "methodType": "GET",
    "contentType": "application/json",
    "headers": {
      "Content-Type": "application/json",
      "Accept": "*/*",
      "Authorization": "",
      "BANKCODE": "00015",
      "CHANNEL": "CBS",
      "STOKEN": "BPM_TOKEN"
    },
    "requestDef": {
      "REQTYPE": "${REQUEST~apiRequest.requestObj.REQTYPE}",
      "CRDNO": "${REQUEST~apiRequest.requestObj.CRDNO}",
      "EMITENURE": "${REQUEST~apiRequest.requestObj.EMITENURE}",
      "TXNREF": "${REQUEST~apiRequest.requestObj.TXNREF}",
      "REQRRN": "${REQUEST~apiRequest.requestObj.REQRRN}",
      "REQDTTM": "${REQUEST~apiRequest.requestObj.REQDTTM}"
    },
    "responseDef": "",
    "logging": {
      "logRequired": "Y",
      "logType": "BOTH"
    },
    "timeout": "10"
  }