{
  "apiURL": "${URL}",
  "servicetype": "HTTP",
  "methodType": "POST",
  "contentType": "application/json",
  "headers": {
    "Content-Type": "application/json",
    "Accept": "*/*",
    "Authorization": ""
  },
  "requestDef": {
    "customerId": "${REQUEST~apiRequest.requestObj.customerId}",
    "primaryCcy": "${REQUEST~apiRequest.requestObj.primaryCcy}"
  },
  "responseDef": {
    "serviceStatusCode": "${RESPONSE~serviceStatusCode}",
    "customerDetails": {
      "customerId": "${RESPONSE~customerDetails.customerId}",
      "customerName": "${RESPONSE~customerDetails.customerName}",
      "customerType": "${RESPONSE~customerDetails.customerType}",
      "dateOfBirth": "${RESPONSE~customerDetails.dateOfBirth}",
      "mobileNo": "${RESPONSE~customerDetails.mobileNo}",
      "emailId": "${RESPONSE~customerDetails.emailId}",
      "permAddress": "${RESPONSE~customerDetails.permAddress}",
      "communicationAddress": "${RESPONSE~customerDetails.communicationAddress}"
    },
    "accountDetails": [
      {
        "customerId": "${RESPONSE~customer360[].customerId}",
        "customerName": "${RESPONSE~customer360[].customerName}",
        "accountNo": "${RESPONSE~customer360[].accountNo}",
        "accountType": "${RESPONSE~customer360[].accountType}",
        "loanType": "${RESPONSE~customer360[].loanType}",
        "currency": "${RESPONSE~customer360[].currency}",
        "availableBalance": "${RESPONSE~customer360[].availableBalance}",
        "availBalanceFcy": "${RESPONSE~customer360[].availBalanceFcy}",
		"nickName": "${RESPONSE~customer360[].nickName}",
		"creditAllowed": "${RESPONSE~customer360[].creditAllowed}",
		"debitAllowed": "${RESPONSE~customer360[].debitAllowed}",
		"acctName": "${RESPONSE~customer360[].acctName}",
		"showHideAccounts":"${RESPONSE~customer360[].showHideAccounts}"
      }
    ]
  },
  "logging": {
    "logRequired": "Y",
    "logType": "BOTH"
  },
  "timeout":"10"
}