{
  "apiURL": "${URL}",
  "servicetype": "HTTP",
  "methodType": "GET",
  "contentType": "application/json",
  "headers": {
    "Content-Type": "application/json",
    "Accept": "*/*",
    "Authorization": ""
  },
  "requestDef": {
    "vendor": "${REQUEST~apiRequest.requestObj.vendor}",
    "client": "${REQUEST~apiRequest.requestObj.client}",
    "requestId": "${REQUEST~apiRequest.requestObj.requestId}",
    "data": {
      "requestType": "${REQUEST~apiRequest.requestObj.data.requestType}",
      "requestId": "${REQUEST~apiRequest.requestObj.data.requestId}",
      "accountNumber": "${REQUEST~apiRequest.requestObj.data.accountNumber}"
    },
    "reqTimestamp": "${REQUEST~apiRequest.requestObj.reqTimestamp}",
    "chksum": "${REQUEST~apiRequest.requestObj.chksum}"
  },
  "responseDef": "",
  "logging": {
    "logRequired": "Y",
    "logType": "BOTH"
  },
  "timeout": "10"
}