{
  "apiURL": "${URL}",
  "servicetype": "HTTP",
  "methodType": "GET",
  "contentType": "application/json",
  "headers": {
    "Content-Type": "application/json",
    "Accept": "*/*",
    "Authorization": ""
  },
  "requestDef": {
    "cardNumber": "${REQUEST~apiRequest.requestObj.cardNumber}",
    "channelId": "${REQUEST~apiRequest.requestObj.channelId}",
    "institutionId": "${REQUEST~apiRequest.requestObj.institutionId}",
    "domAtm": "${REQUEST~apiRequest.requestObj.domAtm}",
    "domPos": "${REQUEST~apiRequest.requestObj.domPos}",
    "domEcom": "${REQUEST~apiRequest.requestObj.domEcom}",
    "domConless": "${REQUEST~apiRequest.requestObj.domConless}",
    "intlAtm": "${REQUEST~apiRequest.requestObj.intlAtm}",
    "intlPos": "${REQUEST~apiRequest.requestObj.intlPos}",
    "intlEcom": "${REQUEST~apiRequest.requestObj.intlEcom}",
    "intlConless": "${REQUEST~apiRequest.requestObj.intlConless}"
  },
  "responseDef": "",
  "logging": {
    "logRequired": "Y",
    "logType": "BOTH"
  },
  "timeout":"10"
}