{
  "apiURL": "${URL}",
  "servicetype": "HTTP",
  "methodType": "GET",
  "contentType": "application/json",
  "headers": {
    "Content-Type": "application/json",
    "Accept": "*/*",
    "Authorization": ""
  },
  "requestDef": { 
    "instCode":"${REQUEST~apiRequest.requestObj.instCode}", 
      "virtual2PhysicalReq":
      {
      "actionCode": "${REQUEST~apiRequest.requestObj.virtual2PhysicalReq.actionCode}",
      "pan": "${REQUEST~apiRequest.requestObj.virtual2PhysicalReq.pan}",
      "reqId":"${REQUEST~apiRequest.requestObj.virtual2PhysicalReq.reqId}",
      "persoBureaoCode": "${REQUEST~apiRequest.requestObj.virtual2PhysicalReq.persoBureaoCode}",
      "cardProduct": "${REQUEST~apiRequest.requestObj.virtual2PhysicalReq.cardProduct}"
      }, 
    "reqMsgId":"${REQUEST~apiRequest.requestObj.reqMsgId}"
    },
  "responseDef": "",
  "logging": {
    "logRequired": "Y",
    "logType": "BOTH"
  },
  "timeout":"10"
}