{
  "apiURL": "${URL}",
  "servicetype": "HTTP",
  "methodType": "GET",
  "contentType": "application/json",
  "headers": {
    "Content-Type": "application/json",
    "Accept": "*/*",
    "Authorization": ""
  },
  "requestDef": { 

      "data":
      {
      "frequencyCode2":"${REQUEST~apiRequest.requestObj.data.frequencyCode2}",
      "frequencyCode1":"${REQUEST~apiRequest.requestObj.data.frequencyCode1}",
      "amount":"${REQUEST~apiRequest.requestObj.data.amount}",
      "fromAccountNumber":"${REQUEST~apiRequest.requestObj.data.fromAccountNumber}",
      "toAccount":"${REQUEST~apiRequest.requestObj.data.toAccount}",
      "requestType":"${REQUEST~apiRequest.requestObj.data.blockedBy}",
      "endDate":"${REQUEST~apiRequest.requestObj.data.endDate}",
      "startDate":"${REQUEST~apiRequest.requestObj.data.startDate}",
      "frequency":"${REQUEST~apiRequest.requestObj.data.frequency}",
      "status":"${REQUEST~apiRequest.requestObj.data.status}"
      }, 
    "vendor":"${REQUEST~apiRequest.requestObj.vendor}", 
    "client":"${REQUEST~apiRequest.requestObj.client}"
    },
  "responseDef": "",
  "logging": {
    "logRequired": "Y",
    "logType": "BOTH"
  },
  "timeout":"10"
}