{
  "apiURL": "${URL}",
  "servicetype": "HTTP",
  "methodType": "POST",
  "contentType": "application/json",
  "headers": {
    "Content-Type": "application/json",
    "Accept": "*/*",
    "Authorization": ""
  },
  "requestDef": {
    "customerId": "${REQUEST~apiRequest.requestObj.customerId}",
    "debitAcctNo": "${REQUEST~apiRequest.requestObj.debitAcctNo}"
  },
  "responseDef": {
    "serviceStatusCode": "${RESPONSE~serviceStatusCode}",
    "accounts": {
      "customerId": "${RESPONSE~accounts.customerId}",
      "accountNo": "${RESPONSE~accounts.accountNo}",
      "branchCode": "${RESPONSE~accounts.branchCode}",
      "branchName": "${RESPONSE~accounts.branchName}",
      "accOpenDate": "${RESPONSE~accounts.accOpenDate}",
      "accountType": "${RESPONSE~accounts.accountType}",
      "productName": "${RESPONSE~accounts.productname}",
      "currency": "${RESPONSE~accounts.currency}",
      "depositAmount": "${RESPONSE~accounts.depositAmount}",
      "principalAmount": "${RESPONSE~accounts.principalAmount}",
      "interestAmount": "${RESPONSE~accounts.interestAmount}",
      "maturityAmount": "${RESPONSE~accounts.maturityAmount}",
      "interestRate": "${RESPONSE~accounts.interestRate}",
      "tenorInDays": "${RESPONSE~accounts.tenorInDays}",
      "tenorInMonths": "${RESPONSE~accounts.tenorInMonths}",
      "tenorInYears": "${RESPONSE~accounts.tenorInYears}",
      "interestPayout": "${RESPONSE~accounts.interestPayout}",
      "nomineeName": "${RESPONSE~accounts.nomineeName}",
      "nomineeAddress": "${RESPONSE~accounts.nomineeAddress}",
      "accountName": "${RESPONSE~accounts.accountName}",
      "maturityDate": "${RESPONSE~accounts.maturityDate}",
      "availBalanceFcy": "${RESPONSE~accounts.availBalanceFcy}",
      "debitAcctNo": "${RESPONSE~accounts.debitAcctNo}",
      "payoutAccount": "${RESPONSE~accounts.payoutAccount}",
      "autoDebit": "${RESPONSE~accounts.autoDebit}",
      "autoDebitAccNo": "${RESPONSE~accounts.autoDebitAccNo}",
      "autoDebitDate": "${RESPONSE~accounts.autoDebitDate}",
      "preCloseCharge": "${RESPONSE~accounts.preCloseCharge}",
      "withdrawalLimit": "${RESPONSE~accounts.withdrawalLimit}",
      "minWithdrawalLimit":"${RESPONSE~accounts.minWithdrawalLimit}",
	  "currentInterestAmount":"${RESPONSE~accounts.currentInterestAmount}",
	  "currentMaturityAmount":"${RESPONSE~accounts.currentMaturityAmount}"
    }
  },
  "logging": {
    "logRequired": "Y",
    "logType": "BOTH"
  },
  "timeout":"10"
}