{
  "apiURL": "${URL}",
  "servicetype": "HTTP",
  "methodType": "POST",
  "contentType": "application/json",
  "headers": {
    "Content-Type": "application/json",
    "Accept": "*/*",
    "Authorization": ""
  },
  "requestDef": {
    "vendor": "${REQUEST~apiRequest.requestObj.vendor}",
    "client": "${REQUEST~apiRequest.requestObj.client}",
    "requestId": "${REQUEST~apiRequest.requestObj.requestId}",
    "data": "${REQUEST~apiRequest.requestObj.data}",
    "reqTimestamp": "${REQUEST~apiRequest.requestObj.reqTimestamp}",
    "chksum": "${REQUEST~apiRequest.requestObj.chksum}"
  },
  "responseDef": "",
  "logging": {
    "logRequired": "Y",
    "logType": "BOTH"
  }
}