{
    "apiURL": "${URL}",
    "servicetype": "HTTP",
    "methodType": "GET",
    "contentType": "application/json",
    "headers": {
        "Content-Type": "application/json",
        "Accept": "*/*",
        "Authorization": "",
        "BANKCODE": "00015",
        "CHANNEL": "CBS",
        "STOKEN": "BPM_TOKEN"
    },
    "requestDef": {
        "CIFNumber": "${REQUEST~apiRequest.requestObj.CIFNumber}",
        "MobileNumber": "${REQUEST~apiRequest.requestObj.MobileNumber}",
        "UniqueTransactionid": "${REQUEST~apiRequest.requestObj.UniqueTransactionid}",
        "Channelpartnerid": "${REQUEST~apiRequest.requestObj.Channelpartnerid}",
        "BranchCode": "${REQUEST~apiRequest.requestObj.BranchCode}",
        "VehicleType": "${REQUEST~apiRequest.requestObj.VehicleType}",
        "VehicleNumber": "${REQUEST~apiRequest.requestObj.VehicleNumber}",
        "EngineNumber": "${REQUEST~apiRequest.requestObj.EngineNumber}",
        "ChassisNumber": "${REQUEST~apiRequest.requestObj.ChassisNumber}",
        "CommerialVehicleType": "${REQUEST~apiRequest.requestObj.CommerialVehicleType}",
        "Rcimage": "${REQUEST~apiRequest.requestObj.Rcimage}",
        "Invoiceimage": "${REQUEST~apiRequest.requestObj.Invoiceimage}",
        "SecurityDeposit": "${REQUEST~apiRequest.requestObj.SecurityDeposit}",
        "TagCost": "${REQUEST~apiRequest.requestObj.TagCost}",
        "MinimumRechargeAmount": "${REQUEST~apiRequest.requestObj.MinimumRechargeAmount}",
        "TotalAmount": "${REQUEST~apiRequest.requestObj.TotalAmount}",
        "DebitedAccNumber": "${REQUEST~apiRequest.requestObj.DebitedAccNumber}",
        "CbsTransactionid": "${REQUEST~apiRequest.requestObj.CbsTransactionid}",
        "Param1": "${REQUEST~apiRequest.requestObj.Param1}",
        "Param2": "${REQUEST~apiRequest.requestObj.Param2}",
        "Param3": "${REQUEST~apiRequest.requestObj.Param3}",
        "Param4": "${REQUEST~apiRequest.requestObj.Param4}",
        "Param5": "${REQUEST~apiRequest.requestObj.Param5}"
    },
    "responseDef": "",
    "logging": {
        "logRequired": "Y",
        "logType": "BOTH"
    },
    "timeout": "10"
}