{
    "apiURL": "${URL}",
    "servicetype": "HTTP",
    "methodType": "GET",
    "contentType": "application/json",
    "headers": {
        "Content-Type": "application/json",
        "Accept": "*/*",
        "Authorization": "",
        "BANKCODE": "00015",
        "CHANNEL": "CBS",
        "STOKEN": "BPM_TOKEN"
    },
    "requestDef": {
        "CIFNumber": "${REQUEST~apiRequest.requestObj.CIFNumber}",
        "MobileNumber": "${REQUEST~apiRequest.requestObj.MobileNumber}",
        "UniqueTransactionid": "${REQUEST~apiRequest.requestObj.UniqueTransactionid}",
        "Channelpartnerid": "${REQUEST~apiRequest.requestObj.Channelpartnerid}",
        "BranchCode": "${REQUEST~apiRequest.requestObj.BranchCode}",
        "FirstName": "${REQUEST~apiRequest.requestObj.FirstName}",
        "LastName": "${REQUEST~apiRequest.requestObj.LastName}",
        "MiddleName": "${REQUEST~apiRequest.requestObj.MiddleName}",
        "MotherMaidenName": "${REQUEST~apiRequest.requestObj.MotherMaidenName}",
        "DOB": "${REQUEST~apiRequest.requestObj.DOB}",
        "PanNo": "${REQUEST~apiRequest.requestObj.PanNo}",
        "Emailid": "${REQUEST~apiRequest.requestObj.Emailid}",
        "Gender": "${REQUEST~apiRequest.requestObj.Gender}",
        "Address1": "${REQUEST~apiRequest.requestObj.Address1}",
        "Address2": "${REQUEST~apiRequest.requestObj.Address2}",
        "Address3": "${REQUEST~apiRequest.requestObj.Address3}",
        "Country": "${REQUEST~apiRequest.requestObj.Country}",
        "Stateid": "${REQUEST~apiRequest.requestObj.Stateid}",
        "Cityid": "${REQUEST~apiRequest.requestObj.Cityid}",
        "Pincode": "${REQUEST~apiRequest.requestObj.Pincode}",
        "CustomerType": "${REQUEST~apiRequest.requestObj.CustomerType}",
        "Param1": "${REQUEST~apiRequest.requestObj.Param1}",
        "Param2": "${REQUEST~apiRequest.requestObj.Param2}",
        "Param3": "${REQUEST~apiRequest.requestObj.Param3}",
        "Param4": "${REQUEST~apiRequest.requestObj.Param4}",
        "Param5": "${REQUEST~apiRequest.requestObj.Param5}"
    },
    "responseDef": "",
    "logging": {
        "logRequired": "Y",
        "logType": "BOTH"
    },
    "timeout": "10"
}