{
    "apiURL": "${URL}",
    "servicetype": "HTTP",
    "methodType": "GET",
    "contentType": "application/json",
    "headers": {
        "Content-Type": "application/json",
        "Accept": "*/*",
        "Authorization": "",
        "BANKCODE": "00015",
        "CHANNEL": "CBS",
        "STOKEN": "BPM_TOKEN"
    },
    "requestDef": {
        "CIFNumber": "${REQUEST~apiRequest.requestObj.CIFNumber}",
        "MobileNumber": "${REQUEST~apiRequest.requestObj.MobileNumber}",
        "UniqueTransactionid": "${REQUEST~apiRequest.requestObj.UniqueTransactionid}",
        "Channelpartnerid": "${REQUEST~apiRequest.requestObj.Channelpartnerid}",
        "BranchCode": "${REQUEST~apiRequest.requestObj.BranchCode}",
        "Type": "${REQUEST~apiRequest.requestObj.Type}",
        "Param1": "${REQUEST~apiRequest.requestObj.Param1}",
        "Param2": "${REQUEST~apiRequest.requestObj.Param2}",
        "Param3": "${REQUEST~apiRequest.requestObj.Param3}",
        "Param4": "${REQUEST~apiRequest.requestObj.Param4}",
        "Param5": "${REQUEST~apiRequest.requestObj.Param5}"
    },
    "responseDef": "",
    "logging": {
        "logRequired": "Y",
        "logType": "BOTH"
    },
    "timeout": "10"
}