{
  "apiURL": "${URL}",
  "servicetype": "HTTP",
  "methodType": "GET",
  "contentType": "application/json",
  "headers": {
    "Content-Type": "application/json",
    "Accept": "*/*",
    "Authorization": ""
  },
  "requestDef": { 

      "data":
      {
      "requestType":"${REQUEST~apiRequest.requestObj.data.requestType}",
      "fromAccountNumber":"${REQUEST~apiRequest.requestObj.data.fromAccountNumber}"
      }, 
    "vendor":"${REQUEST~apiRequest.requestObj.vendor}", 
    "client":"${REQUEST~apiRequest.requestObj.client}"
    },
  "responseDef": "",
  "logging": {
    "logRequired": "Y",
    "logType": "BOTH"
  },
  "timeout":"10"
}