{
  "apiURL": "${URL}",
  "servicetype": "HTTP",
  "methodType": "POST",
  "contentType": "application/json",
  "headers": {
    "Content-Type": "application/json",
    "Accept": "*/*",
    "Authorization": ""
  },
  "requestDef": {
    "customerId": "${REQUEST~apiRequest.requestObj.customerId}"
  },
 "responseDef": {
    "serviceStatusCode": "${RESPONSE~serviceStatusCode}",
    "accountDetails": [
      {
        "customerId": "${RESPONSE~accounts[].customerId}",
        "accountNo~LIT_CLS_DEP_DLBL1~ಖಾತೆ ಸಂಖ್ಯೆ": "${RESPONSE~accounts[].accountNo}",
		"closureDate~LIT_CLS_DEP_DLBL2~ಮುಚ್ಚುವ ದಿನಾಂಕ": "${RESPONSE~accounts[].closureDate}",
		"closureType~LIT_CLS_DEP_DLBL3~ಮುಚ್ಚುವಿಕೆಯ ಪ್ರಕಾರ": "${RESPONSE~accounts[].closureType}",
        "creditAcctNo~LIT_CLS_DEP_DLBL4~ಕ್ರೆಡಿಟ್ ಖಾತೆ ಸಂಖ್ಯೆ": "${RESPONSE~accounts[].creditAccountNumber}",
		"depositType~LIT_CLS_DEP_DLBL5~ಠೇವಣಿ ಪ್ರಕಾರ": "${RESPONSE~accounts[].depositType}",
		"withdrawAmount~LIT_CLS_DEP_DLBL6~ಹಿಂತೆಗೆದುಕೊಳ್ಳುವ ಮೊತ್ತ": "${RESPONSE~accounts[].withdrawAmount}",
		"preClosureCharges~LIT_CLS_DEP_DLBL7~ಪೂರ್ವ ಮುಚ್ಚುವ ಶುಲ್ಕಗಳು": "${RESPONSE~accounts[].preClosureCharges}",
        "receivableAmount~LIT_CLS_DEP_DLBL8~ಸ್ವೀಕಾರಾರ್ಹ ಮೊತ್ತ": "${RESPONSE~accounts[].receivableAmount}",
		"currency": "${RESPONSE~accounts[].currency}",
      }
    ]
  },
  "logging": {
    "logRequired": "Y",
    "logType": "BOTH"
  },
  "timeout":"10"
}