{
    "apiURL": "${URL}",
    "servicetype": "HTTP",
    "methodType": "GET",
    "contentType": "application/json",
    "headers": {
      "Content-Type": "application/json",
      "Accept": "*/*",
      "Authorization": ""
    },
    "requestDef": {
      "cif": "${REQUEST~apiRequest.requestObj.cif}",
      "requestType": "${REQUEST~apiRequest.requestObj.requestType}",
      "requestId": "${REQUEST~apiRequest.requestObj.requestId}",
      "typeOfDeposit": "${REQUEST~apiRequest.requestObj.typeOfDeposit}"
    },
    "responseDef": "",
    "logging": {
      "logRequired": "Y",
      "logType": "BOTH"
    },
    "timeout": "10"
  }