{
  "apiURL": "${URL}",
  "servicetype": "HTTP",
  "methodType": "GET",
  "contentType": "application/json",
  "headers": {
    "Content-Type": "application/json",
    "Accept": "*/*",
    "Authorization": ""
  },
  "requestDef": {
    "requestType":"${REQUEST~apiRequest.requestObj.requestType}",
    "channel":"${REQUEST~apiRequest.requestObj.channel}"
  },
  "responseDef": {
    "serviceStatusCode": "${RESPONSE~statusCode}",
    "hostErrorMsg": "${RESPONSE~statusMessage}",
    "hostErrorCode": "${RESPONSE~errorCode}",
    "reasonCodes":[
      {
      "code": "${RESPONSE~data[].code}",
      "channel": "${RESPONSE~data[].channel}",
      "description": "${RESPONSE~data[].description}"
      }
    ]
  },
  "logging": {
    "logRequired": "Y",
    "logType": "BOTH"
  },
  "timeout":"10"
}