{
  "apiURL": "${URL}",
  "servicetype": "HTTP",
  "methodType": "POST",
  "contentType": "application/json",
  "headers": {
    "Content-Type": "application/json",
    "Accept": "*/*",
    "Authorization": ""
  },
  "requestDef": {
    "customerId": "${REQUEST~apiRequest.requestObj.customerId}"
  },
 "responseDef": {
    "serviceStatusCode": "${RESPONSE~serviceStatusCode}",
    "accountDetails": [
      {
        "customerId": "${RESPONSE~accounts[].customerId}",
        "accountNo~LIT_CLS_DEP_DLBL1~رقم حساب": "${RESPONSE~accounts[].accountNo}",
		"closureDate~LIT_CLS_DEP_DLBL2~تاريخ الإغلاق": "${RESPONSE~accounts[].closureDate}",
		"closureType~LIT_CLS_DEP_DLBL3~نوع الاغلاق": "${RESPONSE~accounts[].closureType}",
        "creditAcctNo~LIT_CLS_DEP_DLBL4~رقم حساب الائتمان": "${RESPONSE~accounts[].creditAccountNumber}",
		"depositType~LIT_CLS_DEP_DLBL5~نوع الإيداع": "${RESPONSE~accounts[].depositType}",
		"withdrawAmount~LIT_CLS_DEP_DLBL6~كمية السحب": "${RESPONSE~accounts[].withdrawAmount}",
		"preClosureCharges~LIT_CLS_DEP_DLBL7~رسوم ما قبل الإغلاق": "${RESPONSE~accounts[].preClosureCharges}",
        "receivableAmount~LIT_CLS_DEP_DLBL8~المبلغ المستحق": "${RESPONSE~accounts[].receivableAmount}",
		"currency": "${RESPONSE~accounts[].currency}",
      }
    ]
  },
  "logging": {
    "logRequired": "Y",
    "logType": "BOTH"
  },
  "timeout":"10"
}
