{
  "apiURL": "${URL}",
  "servicetype": "HTTP",
  "methodType": "POST",
  "contentType": "application/json",
  "headers": {
    "Content-Type": "application/json",
    "Accept": "*/*",
    "Authorization": ""
  },
  "requestDef": {
    "customerId": "${REQUEST~apiRequest.requestObj.customerId}"
  },
  "responseDef": {
    "serviceStatusCode": "${RESPONSE~serviceStatusCode}",
    "accountDetails": [
      {
        "customerId": "${RESPONSE~closedAccounts[].customerId}",
		"accountNo~LIT_CLS_CASA_DLBL1~Account Number": "${RESPONSE~closedAccounts[].accountNo}",
        "accountType~LIT_CLS_CASA_DLBL2~Account Type": "${RESPONSE~closedAccounts[].accountType}",
        "currency~LIT_CLS_CASA_DLBL3~Currency": "${RESPONSE~closedAccounts[].currency}",
        "branchCode~LIT_CLS_CASA_DLBL4~Branch Code": "${RESPONSE~closedAccounts[].branchCode}",
        "branchName~LIT_CLS_CASA_DLBL5~Branch Name": "${RESPONSE~closedAccounts[].branchName}",
        "branchAddress~LIT_CLS_CASA_DLBL6~Branch Address": "${RESPONSE~closedAccounts[].branchAddress}",
        "accountName~LIT_CLS_CASA_DLBL7~Account Holder Name": "${RESPONSE~closedAccounts[].accountName}",
        "accCloseDate~LIT_CLS_CASA_DLBL8~Account Closure Date": "${RESPONSE~closedAccounts[].accCloseDate}",
        "productName~LIT_CLS_CASA_DLBL9~Product Name": "${RESPONSE~closedAccounts[].productName}",
        "closureReason~LIT_CLS_CASA_DLBL10~Closure Reason": "${RESPONSE~closedAccounts[].closureReason}"
      }
    ]
  },
  "logging": {
    "logRequired": "Y",
    "logType": "BOTH"
  },
  "timeout":"10"
}
