{
  "apiURL": "${URL}",
  "servicetype": "HTTP",
  "methodType": "POST",
  "contentType": "application/json",
  "headers": {
    "Content-Type": "application/json",
    "Accept": "*/*",
    "Authorization": ""
  },
  "requestDef": {
    "customerId": "${REQUEST~apiRequest.requestObj.customerId}"
  },
  "responseDef": {
    "serviceStatusCode": "${RESPONSE~serviceStatusCode}",
    "accountDetails": [
      {
        "customerId": "${RESPONSE~closedAccounts[].customerId}",
		"accountNo~LIT_CLS_CASA_DLBL1~ಖಾತೆ ಸಂಖ್ಯೆ": "${RESPONSE~closedAccounts[].accountNo}",
        "accountType~LIT_CLS_CASA_DLBL2~ಖಾತೆಯ ಪ್ರಕಾರ": "${RESPONSE~closedAccounts[].accountType}",
        "currency~LIT_CLS_CASA_DLBL3~ಕರೆನ್ಸಿ": "${RESPONSE~closedAccounts[].currency}",
        "branchCode~LIT_CLS_CASA_DLBL4~ಶಾಖೆ ಕೋಡ್": "${RESPONSE~closedAccounts[].branchCode}",
        "branchName~LIT_CLS_CASA_DLBL5~ಶಾಖೆಯ ಹೆಸರು": "${RESPONSE~closedAccounts[].branchName}",
        "branchAddress~LIT_CLS_CASA_DLBL6~ಶಾಖೆಯ ವಿಳಾಸ": "${RESPONSE~closedAccounts[].branchAddress}",
        "accountName~LIT_CLS_CASA_DLBL7~ಖಾತೆದಾರನ ಹೆಸರು": "${RESPONSE~closedAccounts[].accountName}",
        "accCloseDate~LIT_CLS_CASA_DLBL8~ಖಾತೆ ಮುಚ್ಚುವ ದಿನಾಂಕ": "${RESPONSE~closedAccounts[].accCloseDate}",
        "productName~LIT_CLS_CASA_DLBL9~ಉತ್ಪನ್ನದ ಹೆಸರು": "${RESPONSE~closedAccounts[].productName}",
        "closureReason~LIT_CLS_CASA_DLBL10~ಮುಚ್ಚುವಿಕೆಯ ಕಾರಣ": "${RESPONSE~closedAccounts[].closureReason}"
      }
    ]
  },
  "logging": {
    "logRequired": "Y",
    "logType": "BOTH"
  },
  "timeout":"10"
}
