{
  "apiURL": "${URL}",
  "servicetype": "HTTP",
  "methodType": "GET",
  "contentType": "application/json",
  "headers": {
    "Content-Type": "application/json",
    "Accept": "*/*",
    "Authorization": ""
  },
  "requestDef": {
    "vendor": "${REQUEST~apiRequest.requestObj.vendor}",
    "client": "${REQUEST~apiRequest.requestObj.client}",
    "requestId": "${REQUEST~apiRequest.requestObj.requestId}",
    "data": {
      "requestType": "${REQUEST~apiRequest.requestObj.data.requestType}",
      "requestId": "${REQUEST~apiRequest.requestObj.data.requestId}",
      "requestChecker1": "${REQUEST~apiRequest.requestObj.data.requestChecker1}",
      "transactionType": "${REQUEST~apiRequest.requestObj.data.transactionType}",
      "amount": "${REQUEST~apiRequest.requestObj.data.amount}",
      "from_Account_No": "${REQUEST~apiRequest.requestObj.data.from_Account_No}",
      "to_AccountNo": "${REQUEST~apiRequest.requestObj.data.to_AccountNo}",
      "senderAccType": "${REQUEST~apiRequest.requestObj.data.senderAccType}",
      "beneficiaryActType": "${REQUEST~apiRequest.requestObj.data.beneficiaryActType}",
      "beneNameAddress1": "${REQUEST~apiRequest.requestObj.data.beneNameAddress1}",
      "beneNameAddress2": "${REQUEST~apiRequest.requestObj.data.beneNameAddress2}",
      "beneNameAddress3": "${REQUEST~apiRequest.requestObj.data.beneNameAddress3}",
      "beneNameAddress4": "${REQUEST~apiRequest.requestObj.data.beneNameAddress4}",
      "ifscCode": "${REQUEST~apiRequest.requestObj.data.ifscCode}",
      "code": "${REQUEST~apiRequest.requestObj.data.code}",
      "detailsOfPayment": "${REQUEST~apiRequest.requestObj.data.detailsOfPayment}",
      "senderTorecieverInfo": "${REQUEST~apiRequest.requestObj.data.senderTorecieverInfo}",
      "deliveryMode": "${REQUEST~apiRequest.requestObj.data.deliveryMode}",
      "mobileNumber": "${REQUEST~apiRequest.requestObj.data.mobileNumber}",
      "remiNameAddress1": "${REQUEST~apiRequest.requestObj.data.remiNameAddress1}",
      "remiNameAddress2": "${REQUEST~apiRequest.requestObj.data.remiNameAddress2}",
      "remiNameAddress3": "${REQUEST~apiRequest.requestObj.data.remiNameAddress3}",
      "remiNameAddress4": "${REQUEST~apiRequest.requestObj.data.remiNameAddress4}"
    },
    "reqTimestamp": "${REQUEST~apiRequest.requestObj.reqTimestamp}",
    "chksum": "${REQUEST~apiRequest.requestObj.chksum}"
  },
  "responseDef": "",
  "logging": {
    "logRequired": "Y",
    "logType": "BOTH"
  },
  "timeout": "10"
}