{
  "apiURL": "${URL}",
  "servicetype": "HTTP",
  "methodType": "POST",
  "contentType": "application/json",
  "headers": {
    "Content-Type": "application/json",
    "Accept": "*/*",
    "Authorization": ""
  },
  "requestDef": {
	"customerId": "${REQUEST~apiRequest.requestObj.customerId}",
	"debitAmount": "{REQUEST~apiRequest.requestObj.transactionAmount}",
	"debitAccNo": "${REQUEST~apiRequest.requestObj.debitAcctNo}",
	"transType": "${REQUEST~apiRequest.requestObj.transactionType}",
	"debitAccCcy": "${REQUEST~apiRequest.requestObj.debitAcctCcy}",
	"benefAccNo": "${REQUEST~apiRequest.requestObj.benefAcctNo}",
	"transCcy": "${REQUEST~apiRequest.requestObj.transactionCcy}",
	"transRemarks": "${REQUEST~apiRequest.requestObj.transRemarks}"
  },
  "responseDef": {
    "serviceStatusCode": "${RESPONSE~serviceStatusCode}",
    "hostErrorMsg": "${RESPONSE~hostErrorMsg}",
    "txnRefNo": "${RESPONSE~fundTransferResponse.txnRefNo}",
    "fundTransferResponse": {
      "txnRefNo": "${RESPONSE~fundTransferResponse.txnRefNo}",
      "txnDate": "${RESPONSE~fundTransferResponse.txnDate}",
      "txnStatus": "${RESPONSE~fundTransferResponse.txnStatus}"
    }
  },
  "logging": {
    "logRequired": "Y",
    "logType": "BOTH"
  },
  "timeout":"10"
}