{
    "apiURL": "${URL}",
    "servicetype": "HTTP",
    "methodType": "POST",
    "contentType": "application/json",
    "headers": {
        "Content-Type": "application/json",
        "Accept": "application/json"
    },
    "requestDef": {
        "apiRequest": {
            "requestObj": {
                "appId": "${REQUEST~apiRequest.appId}",
                "userId": "${REQUEST~apiRequest.requestObj.cifNumber}"
            }
        }
    },
    "responseDef": {
        "serviceStatusCode": "${RESPONSE~status}",
        "serviceStatusMessage": "${RESPONSE~message}",
        "refNo": "${RESPONSE~ResponseBody.Response.RefNo}",
        "branchToken": "${RESPONSE~ResponseBody.Response.otp}"
    },
    "logging": {
        "logRequired": "Y",
        "logType": "BOTH"
    },
    "timeout": "90"
}