{
  "apiURL": "${URL}",
  "servicetype": "HTTP",
  "methodType": "POST",
  "contentType": "application/json",
  "headers": {
    "Content-Type": "application/json",
    "Accept": "*/*",
    "Authorization": ""
  },
  "requestDef": {
    "customerId": "${REQUEST~apiRequest.requestObj.customerId}",
    "primaryCcy": "${REQUEST~apiRequest.requestObj.primaryCcy}"
  },
  "responseDef": {
    "serviceStatusCode": "${RESPONSE~serviceStatusCode}",
    "accountDetails": [
      {
        "customerId": "${RESPONSE~accounts[].customerId}",
        "accountNo~LIT_ACC_DLBL3~رقم حساب": "${RESPONSE~accounts[].accountNo}",
        "branchCode": "${RESPONSE~accounts[].branchCode}",
        "availBalance~LIT_ACC_DLBL8~الرصيد المتوفر": "${RESPONSE~accounts[].availBalance}",
        "currentBalance": "${RESPONSE~accounts[].currentBalance}",
        "withdrawBalance": "${RESPONSE~accounts[].withdrawBalance}",
        "overdraftLimit": "${RESPONSE~accounts[].overdraftLimit}",
        "branchName": "${RESPONSE~accounts[].branchName}",
        "bankName": "${RESPONSE~accounts[].bankName}",
        "accountType~LIT_ACC_DLBL2~نوع الحساب": "${RESPONSE~accounts[].accountType}",
        "productName": "${RESPONSE~accounts[].productName}",
        "currency~LIT_ACC_DLBL6~عملة": "${RESPONSE~accounts[].currency}",
        "ifsc~LIT_ACC_DLBL5~كود IFSC": "${RESPONSE~accounts[].ifsc}",
        "relationShip": "${RESPONSE~accounts[].relationShip}",
        "openedDate": "${RESPONSE~accounts[].openedDate}",
        "lienAmount": "${RESPONSE~accounts[].lienAmount}",
        "bankAddress~LIT_ACC_DLBL4~فرع": "${RESPONSE~accounts[].bankAddress}",
        "acctName~LIT_ACC_DLBL1~اسم صاحب الحساب": "${RESPONSE~accounts[].acctName}",
        "jointHolderName~LIT_ACC_DLBL7~صاحب الحساب المشترك": "${RESPONSE~accounts[].jointHolderName}",
        "emailFrequency": "${RESPONSE~accounts[].emailFrequency}",
        "availBalanceFcy": "${RESPONSE~accounts[].availBalanceFcy}",
        "nickName": "${RESPONSE~accounts[].nickName}",
        "creditAllowed": "${RESPONSE~accounts[].creditAllowed}",
        "debitAllowed": "${RESPONSE~accounts[].debitAllowed}"
      }
    ]
  },
  "logging": {
    "logRequired": "Y",
    "logType": "BOTH"
  },
  "timeout":"10"
}
