{
  "apiURL": "${URL}",
  "servicetype": "HTTP",
  "methodType": "POST",
  "contentType": "application/json",
  "headers": {
    "Content-Type": "application/json",
    "Accept": "*/*",
    "Authorization": ""
  },
  "requestDef": {
    "vendor": "${CONST~IEXCEEDLSB}",
    "client": "${CONST~BOM}",
    "requestId": "${REQUEST~apiRequest.requestObj.requestId}",
    "data": "${REQUEST~apiRequest.requestObj.data}",
    "reqTimestamp": "${CUSTOMJAVACODE~generateRequestTimestamp}",
    "chksum": "${CONST~13456}"
  },
  "responseDef": {
    "accountDetails": [
      {
        "customerId": "${RESPONSE~accountList[].accCustomerNo}",
        "customerName": "${RESPONSE~accountList[].accCustomerNo}",
        "accountNo": "${RESPONSE~accountList[].accntNumber1}",
        "accountType": "${RESPONSE~accountList[].productCode}",
        "loanType": "${RESPONSE~accountList[].productCode}",
        "currency": "${RESPONSE~accountList[].acctCurrency}",
        "availableBalance": "${RESPONSE~accountList[].availableBal}",
        "availBalanceFcy": "${RESPONSE~accountList[].availableBal}",
        "acctName": "${RESPONSE~accountList[].accntNumber1}"
      }
    ]
  },
  "logging": {
    "logRequired": "Y",
    "logType": "BOTH"
  },
  "timeout": "10"
}