{
  "apiURL": "${URL}",
  "servicetype": "HTTP",
  "methodType": "POST",
  "contentType": "application/json",
  "headers": {
    "Content-Type": "application/json",
    "Accept": "*/*",
    "Authorization": ""
  },
  "requestDef": {
    "customerId": "${REQUEST~apiRequest.requestObj.customerId}",
    "primaryCcy": "${REQUEST~apiRequest.requestObj.primaryCcy}"
  },
  "responseDef": {
    "serviceStatusCode": "${RESPONSE~serviceStatusCode}",
    "accountDetails": [
      {
        "customerId": "${RESPONSE~accounts[].customerId}",
        "accountNo~LIT_DEP_DLBL3~ಖಾತೆ ಸಂಖ್ಯ": "${RESPONSE~accounts[].accountNo}",
        "branchCode": "${RESPONSE~accounts[].branchCode}",
        "branchName": "${RESPONSE~accounts[].branchName}",
        "accOpenDate": "${RESPONSE~accounts[].accOpenDate}",
        "accountType": "${RESPONSE~accounts[].accountType}",
        "productName~LIT_DEP_DLBL2~ಉತ್ಪನ್ನ ವಿವರಗಳು": "${RESPONSE~accounts[].productName}",
        "currency~LIT_DEP_DLBL4~ಕರೆನ್ಸ": "${RESPONSE~accounts[].currency}",
        "depositAmount~LIT_DEP_DLBL7~ಠೇವಣಿ ಮೊತ್": "${RESPONSE~accounts[].depositAmount}",
        "principalAmount": "${RESPONSE~accounts[].principalAmount}",
        "interestAmount": "${RESPONSE~accounts[].interestAmount}",
        "maturityAmount~LIT_DEP_DLBL8~ಮುಕ್ತಾಯ ಮೊತ್": "${RESPONSE~accounts[].maturityAmount}",
        "interestRate~LIT_DEP_DLBL5~ಬಡ್ಡಿ ದರ": "${RESPONSE~accounts[].interestRate}",
        "tenorInDays": "${RESPONSE~accounts[].tenorInDays}",
        "tenorInMonths": "${RESPONSE~accounts[].tenorInMonths}",
        "tenorInYears": "${RESPONSE~accounts[].tenorInYears}",
        "interestPayout~LIT_DEP_DLBL6~ಬಡ್ಡಿ ಪಾವತಿ": "${RESPONSE~accounts[].interestPayout}",
        "nomineeName~LIT_DEP_DLBL11~ನಾಮಿನಿ ಹೆಸರು": "${RESPONSE~accounts[].nomineeName}",
        "nomineeAddress~LIT_DEP_DLBL12~ನಾಮಿನಿ ವಿಳಾಸ": "${RESPONSE~accounts[].nomineeAddress}",
        "accountName~LIT_DEP_DLBL1~ಖಾತೆದಾರನ ಹೆಸರು": "${RESPONSE~accounts[].accountName}",
        "maturityDate~LIT_DEP_DLBL10~ಮುಕ್ತಾಯ ದಿನಾಂಕ": "${RESPONSE~accounts[].maturityDate}",
        "availBalanceFcy": "${RESPONSE~accounts[].availBalanceFcy}",
        "debitAcctNo": "${RESPONSE~accounts[].debitAcctNo}",
        "payoutAccount": "${RESPONSE~accounts[].payoutAccount}",
        "autoDebit~LIT_DEP_DLBL9~Payment Frequency": "${RESPONSE~accounts[].autoDebit}",
        "autoDebitAccNo": "${RESPONSE~accounts[].autoDebitAccNo}",
        "autoDebitDate": "${RESPONSE~accounts[].autoDebitDate}"
      }
    ]
  },
  "logging": {
    "logRequired": "Y",
    "logType": "BOTH"
  },
  "timeout":"10"
}
