{
  "apiURL": "${URL}",
  "servicetype": "HTTP",
  "methodType": "POST",
  "contentType": "application/json",
  "headers": {
    "Content-Type": "application/json",
    "Accept": "*/*",
    "Authorization": ""
  },
  "requestDef": {
    "vendor": "${CONST~IEXCEEDLSB}",
    "client": "${CONST~BOM}",
    "requestId": "${REQUEST~apiRequest.requestObj.requestId}",
    "data": "${REQUEST~apiRequest.requestObj.data}",
    "reqTimestamp": "${CUSTOMJAVACODE~generateRequestTimestamp}",
    "chksum": "${CONST~13456}"
  },
  "responseDef": {
    "accounts": {
      "accountNumber": "${RESPONSE~accountNo}",
      "accHomeBranch": "${RESPONSE~accHomeBranch}",
      "accountType": "${RESPONSE~productCode}",
      "accOpenDate": "${RESPONSE~accOpenDate}",
      "interestRate": "${RESPONSE~interestRate}",
      "maturity instruction": "${RESPONSE~productDesc}",
      "principalAmmount": "${RESPONSE~fdAmount}"
    }
  },
  "logging": {
    "logRequired": "Y",
    "logType": "BOTH"
  },
  "timeout": "10"
}