{
  "apiURL": "${URL}",
  "servicetype": "HTTP",
  "methodType": "POST",
  "contentType": "application/json",
  "headers": {
    "Content-Type": "application/json",
    "Accept": "*/*",
    "Authorization": ""
  },
  "requestDef": {
    "customerId": "${REQUEST~apiRequest.requestObj.customerId}",
    "debitAcctNo": "${REQUEST~apiRequest.requestObj.debitAcctNo}"
  },
  "responseDef": {
    "serviceStatusCode": "${RESPONSE~serviceStatusCode}",
    "accounts": {
        "branchCode": "${RESPONSE~accounts.branchCode}",
        "branchName": "${RESPONSE~accounts.branchName}",
        "accOpenDate": "${RESPONSE~accounts.accOpenDate}",
        "loanType": "${RESPONSE~accounts.loanType}",
        "disbursementDate~LIT_LN_DLBL4~تاريخ التسليم او الوصول": "${RESPONSE~accounts.disbursementDate}",
        "maturityDate~LIT_LN_DLBL5~تاريخ انتهاء الصلاحية": "${RESPONSE~accounts.maturityDate}",
        "productname~LIT_LN_DLBL1~تفاصيل المنتج": "${RESPONSE~accounts.productname}",
        "loanAmount": "${RESPONSE~accounts.loanAmount}",
        "currency": "${RESPONSE~accounts.currency}",
        "outstandingBalance": "${RESPONSE~accounts.outstandingBalance}",
        "emiAmount": "${RESPONSE~accounts.emiAmount}",
        "disbursedAmount": "${RESPONSE~accounts.disbursedAmount}",
        "interestRate": "${RESPONSE~accounts.interestRate}",
        "customerName~LIT_LN_DLBL2~اسم صاحب الحساب": "${RESPONSE~accounts.customerName}",
        "dob": "${RESPONSE~accounts.dob}",
        "emailid": "${RESPONSE~accounts.emailid}",
        "mobileNo": "${RESPONSE~accounts.mobileNo}",
        "accountNo~LIT_LN_DLBL3~رقم الحساب": "${RESPONSE~accounts.accountNo}",
        "availBalanceFcy": "${RESPONSE~accounts.availBalanceFcy}"
    }
  },
  "logging": {
    "logRequired": "Y",
    "logType": "BOTH"
  },
  "timeout":"10"
}
