{
  "apiURL": "${URL}",
  "servicetype": "HTTP",
  "methodType": "POST",
  "contentType": "application/json",
  "headers": {
    "Content-Type": "application/json",
    "Accept": "*/*",
    "Authorization": ""
  },
  "requestDef": {
    "customerId": "${REQUEST~apiRequest.requestObj.customerId}",
    "accountNo": "${REQUEST~apiRequest.requestObj.debitAcctNo}"
  },
  "responseDef": {
    "serviceStatusCode": "${RESPONSE~serviceStatusCode}",
    "accountDetails": [
      {
        "customerId": "${RESPONSE~loanSchedDtls[].customerId}",
        "accountNo": "${RESPONSE~loanSchedDtls[].accountNo}",
        "dueDate": "${RESPONSE~loanSchedDtls[].dueDate}",
        "installmentNo": "${RESPONSE~loanSchedDtls[].installmentNo}",
        "principalAmt": "${RESPONSE~loanSchedDtls[].principalAmt}",
        "interestAmt": "${RESPONSE~loanSchedDtls[].interestAmt}",
        "emiAmt": "${RESPONSE~loanSchedDtls[].emiAmt}",
        "totalOutstanding": "${RESPONSE~loanSchedDtls[].totalOutstanding}",
        "principalOutstanding": "${RESPONSE~loanSchedDtls[].principalOutstanding}",
        "interestOutstanding": "${RESPONSE~loanSchedDtls[].interestOutstanding}",
        "accountCcy": "${RESPONSE~loanSchedDtls[].accountCcy}"
      }
    ]
  },
  "logging": {
    "logRequired": "Y",
    "logType": "BOTH"
  },
  "timeout":"10"
}