{
  "apiURL": "${URL}",
  "servicetype": "HTTP",
  "methodType": "POST",
  "contentType": "application/json",
  "headers": {
    "Content-Type": "application/json",
    "Accept": "*/*",
    "Authorization": ""
  },
  "requestDef": {
	"customerId": "${REQUEST~apiRequest.requestObj.customerId}",
	"debitAmount": "{REQUEST~apiRequest.requestObj.transactionAmount}",
	"debitAcctNo": "${REQUEST~apiRequest.requestObj.debitAcctNo}",
	"transType": "${REQUEST~apiRequest.requestObj.transactionType}",
	"debitAcctCcy": "${REQUEST~apiRequest.requestObj.debitAcctCcy}",
	"billerAccountNumber": "${REQUEST~apiRequest.requestObj.billerAccountNumber}",
	"transactionCcy": "${REQUEST~apiRequest.requestObj.transactionCcy}",
	"billName": "${REQUEST~apiRequest.requestObj.billNickName}"
  },
  "responseDef": {
    "serviceStatusCode": "${RESPONSE~serviceStatusCode}",
    "hostErrorMsg": "${RESPONSE~hostErrorMsg}",
    "txnRefNo": "${RESPONSE~billPaymentsResponse.txnRefNo}",
    "billPaymentsResponse": {
      "txnRefNo": "${RESPONSE~billPaymentsResponse.txnRefNo}",
      "txnDate": "${RESPONSE~billPaymentsResponse.txnDate}",
      "txnStatus": "${RESPONSE~billPaymentsResponse.txnStatus}"
    }
  },
  "logging": {
    "logRequired": "Y",
    "logType": "BOTH"
  },
  "timeout":"10"
}