{
  "apiURL": "${URL}",
  "servicetype": "HTTP",
  "methodType": "POST",
  "contentType": "application/json",
  "headers": {
    "Content-Type": "application/json",
    "Accept": "*/*",
    "Authorization": ""
  },
  "requestDef": {
    "vendor": "${CONST~IEXCEEDLSB}",
    "client": "${CONST~BOM}",
    "requestId": "${REQUEST~apiRequest.requestObj.requestId}",
    "data": "${REQUEST~apiRequest.requestObj.data}",
    "reqTimestamp": "${CUSTOMJAVACODE~generateRequestTimestamp}",
    "chksum": "${CONST~13456}"
  },
  "responseDef": {
    "nomineeDetails": [
      {
        "nomineeNames": "${RESPONSE~nomineeEnquiry[].nomineeNames}",
        "relation": "${RESPONSE~nomineeEnquiry[].relation}",
        "age": "${RESPONSE~nomineeEnquiry[].age}",
        "address": "${RESPONSE~nomineeEnquiry[].address}"
      }
    ]
  },
  "logging": {
    "logRequired": "Y",
    "logType": "BOTH"
  }
}