{
  "apiURL": "${URL}",
  "servicetype": "HTTP",
  "methodType": "POST",
  "contentType": "application/json",
  "headers": {
    "Content-Type": "application/json",
    "Accept": "*/*",
    "Authorization": ""
  },
  "requestDef": {
    "apiRequest": {
      "appId": "${REQUEST~apiRequest.requestObj.appId}",
      "userId": "${REQUEST~apiRequest.requestObj.userId}",
      "interfaceName": "${REQUEST~apiRequest.requestObj.interfaceName}",
      "emailId": "${REQUEST~apiRequest.requestObj.emailId}",
      "deviceId": "${REQUEST~apiRequest.requestObj.deviceId}",
      "requestObj": {
        "customerId": "${REQUEST~apiRequest.requestObj.customerId}",
        "debitAcctNo": "${REQUEST~apiRequest.requestObj.debitAcctNo}",
        "transactionType": "${REQUEST~apiRequest.requestObj.transactionType}",
        "transactionAmount": "${REQUEST~apiRequest.requestObj.transactionAmount}",
        "billerAccountNumber": "${REQUEST~apiRequest.requestObj.billerAccountNumber}",
        "billName": "${REQUEST~apiRequest.requestObj.billName}",
        "billNickName": "${REQUEST~apiRequest.requestObj.billNickName}",
        "billerId": "${REQUEST~apiRequest.requestObj.billerId}",
        "mobileNumber": "${REQUEST~apiRequest.requestObj.mobileNumber}",
        "scheduleId": "${REQUEST~apiRequest.requestObj.scheduleId}",
        "txnScheduleFromDate": "${REQUEST~apiRequest.requestObj.txnScheduleFromDate}",
        "transactionCcy": "${REQUEST~apiRequest.requestObj.transactionCcy}",
        "chargeAmount": "${REQUEST~apiRequest.requestObj.chargeAmount}",
        "payeeGroup": "${REQUEST~apiRequest.requestObj.payeeGroup}",
        "transactionMode": "${REQUEST~apiRequest.requestObj.transactionMode}",
        "billerConsumerNumber": "${REQUEST~apiRequest.requestObj.billerConsumerNumber}",
        "billerCategoryId": "${REQUEST~apiRequest.requestObj.billerCategoryId}",
        "mobileNo": "${REQUEST~apiRequest.requestObj.mobileNo}",
        "customerType": "${REQUEST~apiRequest.requestObj.customerType}"
      }
    }
  },
  "responseDef": "",
  "logging": {
    "logRequired": "Y",
    "logType": "BOTH"
  },
  "timeout":"10"
}