{
  "apiURL": "${URL}",
  "servicetype": "HTTP",
  "methodType": "POST",
  "contentType": "application/json",
  "headers": {
    "Content-Type": "application/json",
    "Accept": "*/*",
    "Authorization": ""
  },
  "requestDef": {
    "apiRequest": {
      "appId": "${REQUEST~apiRequest.appId}",
      "userId": "${REQUEST~apiRequest.userId}",
      "interfaceName": "${REQUEST~apiRequest.interfaceName}",
      "requestObj": {
        "customerId": "${REQUEST~apiRequest.requestObj.customerId}",
        "debitAcctNo": "${REQUEST~apiRequest.requestObj.debitAcctNo}",
        "startDate": "${REQUEST~apiRequest.requestObj.startDate}",
        "endDate": "${REQUEST~apiRequest.requestObj.endDate}",
        "offset": "${REQUEST~apiRequest.requestObj.offset}",
        "limit": "${REQUEST~apiRequest.requestObj.limit}",
        "txnCount": "${REQUEST~apiRequest.requestObj.txnCount}"
      }
    }
  },
  "responseDef": {
    "serviceStatusCode": "${RESPONSE~apiResponse.ResponseBody.responseObj.serviceStatusCode}",
    "accountDetails": [
      {
        "trnCcy": "${RESPONSE~apiResponse.ResponseBody.responseObj.accountDetails[].trnCcy}",
        "creditAccount": "${RESPONSE~apiResponse.ResponseBody.responseObj.accountDetails[].creditAccount}",
        "drcrIndicator": "${RESPONSE~apiResponse.ResponseBody.responseObj.accountDetails[].drcrIndicator}",
        "trnDesc": "${RESPONSE~apiResponse.ResponseBody.responseObj.accountDetails[].trnDesc}",
        "closingBalance": "${RESPONSE~apiResponse.ResponseBody.responseObj.accountDetails[].closingBalance}",
        "accountCcy": "${RESPONSE~apiResponse.ResponseBody.responseObj.accountDetails[].accountCcy}",
        "trnRefNo": "${RESPONSE~apiResponse.ResponseBody.responseObj.accountDetails[].trnRefNo}",
        "accountNo": "${RESPONSE~apiResponse.ResponseBody.responseObj.accountDetails[].accountNo}",
        "trnDate": "${RESPONSE~apiResponse.ResponseBody.responseObj.accountDetails[].trnDate}",
        "customerId": "${RESPONSE~apiResponse.ResponseBody.responseObj.accountDetails[].customerId}",
        "trnAmount": "${RESPONSE~apiResponse.ResponseBody.responseObj.accountDetails[].trnAmount}",
        "openingBalance": "${RESPONSE~apiResponse.ResponseBody.responseObj.accountDetails[].openingBalance}",
        "runningBalance": "${RESPONSE~apiResponse.ResponseBody.responseObj.accountDetails[].runningBalance}",
        "creditAccountCcy": "${RESPONSE~apiResponse.ResponseBody.responseObj.accountDetails[].creditAccountCcy}",
        "categoryGroupCode": "${RESPONSE~apiResponse.ResponseBody.responseObj.accountDetails[].categoryGroupCode}",
        "iconCode": "${RESPONSE~apiResponse.ResponseBody.responseObj.accountDetails[].iconCode}"
      }
    ],
    "totalItems": "${RESPONSE~apiResponse.ResponseBody.responseObj.totalItems}",
    "totalPages": "${RESPONSE~apiResponse.ResponseBody.responseObj.totalPages}"
  },
  "logging": {
    "logRequired": "Y",
    "logType": "BOTH"
  },
  "timeout":"10"
}