{
  "apiURL": "${URL}",
  "servicetype": "HTTP",
  "methodType": "POST",
  "contentType": "application/json",
  "headers": {
    "Content-Type": "application/json",
    "Accept": "*/*",
    "Authorization": ""
  },
  "requestDef": {
    "apiRequest": {
      "appId": "${REQUEST~apiRequest.appId}",
      "userId": "${REQUEST~apiRequest.userId}",
      "requestObj": {
        "customerId": "${REQUEST~apiRequest.requestObj.customerId}",
        "offset": "${REQUEST~apiRequest.requestObj.offset}",
        "limit": "${REQUEST~apiRequest.requestObj.limit}",
        "txnCount": "${REQUEST~apiRequest.requestObj.txnCount}"
      }
    }
  },
  "responseDef": "",
  "logging": {
    "logRequired": "Y",
    "logType": "BOTH"
  },
  "timeout":"10"
}