{
  "apiURL": "${URL}",
  "servicetype": "HTTP",
  "methodType": "POST",
  "contentType": "application/json",
  "headers": {
    "Content-Type": "application/json",
    "Accept": "*/*",
    "Authorization": ""
  },
  "requestDef": {
    "customerId": "${REQUEST~apiRequest.requestObj.customerId}",
    "appId": "${REQUEST~apiRequest.appId}",
    "accountNumber": "${REQUEST~apiRequest.requestObj.debitAcctNo}",
    "transactionType": "${REQUEST~apiRequest.requestObj.transactionType}",
    "debitAcctType": "${REQUEST~apiRequest.requestObj.debitAcctType}",
    "fromDate": "${REQUEST~apiRequest.requestObj.chequeDate}"
  },
  "responseDef": "",
  "logging": {
    "logRequired": "Y",
    "logType": "BOTH"
  },
  "timeout":"10"
}