{
  "apiURL": "${URL}",
  "servicetype": "HTTP",
  "methodType": "POST",
  "contentType": "application/json",
 "headers": {
    "Content-Type": "application/json",
    "Accept": "*/*",
    "Authorization": "",
    "appId": "${REQUEST~apiRequest.appId}",
    "interfaceId": "${REQUEST~apiRequest.interfaceName}",
    "userId": "${REQUEST~apiRequest.userId}",
    "masterTxnRefNo": "",
    "deviceId": ""
  },
  "requestDef": {
    "apiRequest": {
      "requestObj": {
        "intermediaryBankName": "${REQUEST~apiRequest.requestObj.intermediaryBankName}",
        "intermediaryBankCode": "${REQUEST~apiRequest.requestObj.intermediaryBankCode}",
        "transactionCcy": "${REQUEST~apiRequest.requestObj.transactionCcy}",
        "action": "${REQUEST~apiRequest.requestObj.action}",
        "txnScheduleFromDate": "${REQUEST~apiRequest.requestObj.txnScheduleFromDate}",
        "scheduleTransferRemarks": "${REQUEST~apiRequest.requestObj.scheduleTransferRemarks}",
        "scheduleFrequency": "${REQUEST~apiRequest.requestObj.scheduleFrequency}",
        "noOfInstallments": "${REQUEST~apiRequest.requestObj.noOfInstallments}",
        "scheduleTxnType": "${REQUEST~apiRequest.requestObj.scheduleTxnType}",
        "debitAcctNo": "${REQUEST~apiRequest.requestObj.debitAcctNo}",
        "debitAcctCcy": "${REQUEST~apiRequest.requestObj.debitAcctCcy}",
        "benefType": "${REQUEST~apiRequest.requestObj.benefType}",
        "benefShortName": "${REQUEST~apiRequest.requestObj.benefShortName}",
        "benefName": "${REQUEST~apiRequest.requestObj.benefName}",
        "beneficiaryCustId": "${REQUEST~apiRequest.requestObj.beneficiaryCustId}",
        "benefBankName": "${REQUEST~apiRequest.requestObj.benefBankName}",
        "benefAcctType": "${REQUEST~apiRequest.requestObj.benefAcctType}",
        "benefAcctNo": "${REQUEST~apiRequest.requestObj.benefAcctNo}",
        "benefBankCode": "${REQUEST~apiRequest.requestObj.benefBankCode}",
        "customerId": "${REQUEST~apiRequest.requestObj.customerId}",
        "transactionType": "${REQUEST~apiRequest.requestObj.transactionType}",
        "transactionAmount": "${REQUEST~apiRequest.requestObj.transactionAmount}"
      }
    }
  },
  "responseDef": "",
  "logging": {
    "logRequired": "Y",
    "logType": "BOTH"
  },
  "timeout":"10"
}