{
    "apiURL": "${URL}",
    "servicetype": "HTTP",
    "methodType": "GET",
    "contentType": "application/json",
    "headers": {
      "Content-Type": "application/json",
      "Accept": "*/*",
      "Authorization": ""
    },
    "requestDef": {
      "REQTYPE": "${REQUEST~apiRequest.requestObj.REQTYPE}",
      "REQDTTM": "${REQUEST~apiRequest.requestObj.REQDTTM}",
      "REQRRN": "${REQUEST~apiRequest.requestObj.REQRRN}",
      "CRDNO": "${REQUEST~apiRequest.requestObj.CRDNO}",
      "CARDLMT": "${REQUEST~apiRequest.requestObj.CARDLMT}"
    },
    "responseDef": "",
    "logging": {
      "logRequired": "Y",
      "logType": "BOTH"
    },
    "timeout": "10"
  }