{
    "apiURL": "${URL}",
    "servicetype": "HTTP",
    "methodType": "GET",
    "contentType": "application/json",
    "headers": {
        "Content-Type": "application/json",
        "Accept": "*/*",
        "Authorization": ""
    },
    "requestDef": {
        "ModeHolding": "${REQUEST~apiRequest.requestObj.ModeHolding}",
        "InvId": "${REQUEST~apiRequest.requestObj.InvId}",
        "InvType": "${REQUEST~apiRequest.requestObj.InvType}",
        "InvName": "${REQUEST~apiRequest.requestObj.InvName}",
        "InvCat": "${REQUEST~apiRequest.requestObj.InvCat}",
        "InvGender": "${REQUEST~apiRequest.requestObj.InvGender}",
        "InvDOB": "${REQUEST~apiRequest.requestObj.InvDOB}",
        "Address1": "${REQUEST~apiRequest.requestObj.Address1}",
        "Address2": "${REQUEST~apiRequest.requestObj.Address2}",
        "Address3": "${REQUEST~apiRequest.requestObj.Address3}",
        "PinCode": "${REQUEST~apiRequest.requestObj.PinCode}",
        "State": "${REQUEST~apiRequest.requestObj.State}",
        "EmailId": "${REQUEST~apiRequest.requestObj.EmailId}",
        "MobileNo": "${REQUEST~apiRequest.requestObj.MobileNo}",
        "PhoneNo1": "${REQUEST~apiRequest.requestObj.PhoneNo1}",
        "PhoneNo2": "${REQUEST~apiRequest.requestObj.PhoneNo2}",
        "GuardnName": "${REQUEST~apiRequest.requestObj.GuardnName}",
        "GuardnRel": "${REQUEST~apiRequest.requestObj.GuardnRel}",
        "InvMotherName": "${REQUEST~apiRequest.requestObj.InvMotherName}",
        "PIDNo1": "${REQUEST~apiRequest.requestObj.PIDNo1}",
        "DeType": "${REQUEST~apiRequest.requestObj.DeType}",
        "DPId": "${REQUEST~apiRequest.requestObj.DPId}",
        "DPClient": "${REQUEST~apiRequest.requestObj.DPClient}",
        "SubNoofUnits": "${REQUEST~apiRequest.requestObj.SubNoofUnits}",
        "AMOUNT": "${REQUEST~apiRequest.requestObj.AMOUNT}",
        "AcntType": "${REQUEST~apiRequest.requestObj.AcntType}",
        "AcntNo": "${REQUEST~apiRequest.requestObj.AcntNo}",
        "AcntName": "${REQUEST~apiRequest.requestObj.AcntName}",
        "NomName": "${REQUEST~apiRequest.requestObj.NomName}",
        "NomDOB": "${REQUEST~apiRequest.requestObj.NomDOB}",
        "NoOfUnits": "${REQUEST~apiRequest.requestObj.NoOfUnits}",
        "NomGuardnName": "${REQUEST~apiRequest.requestObj.NomGuardnName}",
        "NomGuardnRel": "${REQUEST~apiRequest.requestObj.NomGuardnRel}",
        "CIF": "${REQUEST~apiRequest.requestObj.CIF}",
        "journal_no": "${REQUEST~apiRequest.requestObj.journal_no}",
        "trans_date": "${REQUEST~apiRequest.requestObj.trans_date}",
        "GInvId": "${REQUEST~apiRequest.requestObj.GInvId}",
        "GInvName": "${REQUEST~apiRequest.requestObj.GInvName}",
        "GInvGender": "${REQUEST~apiRequest.requestObj.GInvGender}",
        "GInvDOB": "${REQUEST~apiRequest.requestObj.GInvDOB}",
        "GAddress1": "${REQUEST~apiRequest.requestObj.GAddress1}",
        "GAddress2": "${REQUEST~apiRequest.requestObj.GAddress2}",
        "GAddress3": "${REQUEST~apiRequest.requestObj.GAddress3}",
        "GPinCode": "${REQUEST~apiRequest.requestObj.GPinCode}",
        "GState": "${REQUEST~apiRequest.requestObj.GState}",
        "GEmailId": "${REQUEST~apiRequest.requestObj.GEmailId}",
        "GMobileNo": "${REQUEST~apiRequest.requestObj.GMobileNo}",
        "GPIDNo1": "${REQUEST~apiRequest.requestObj.GPIDNo1}",
        "Debit_Acc": "${REQUEST~apiRequest.requestObj.Debit_Acc}",
        "Debit_Acc_Name": "${REQUEST~apiRequest.requestObj.Debit_Acc_Name}",
        "Debit_Acc_Type": "${REQUEST~apiRequest.requestObj.Debit_Acc_Type}",
        "Debit_Acc_IFSC": "${REQUEST~apiRequest.requestObj.Debit_Acc_IFSC}",
        "Debit_Date": "${REQUEST~apiRequest.requestObj.Debit_Date}",
        "JInvId": "${REQUEST~apiRequest.requestObj.JInvId}",
        "JInvName": "${REQUEST~apiRequest.requestObj.JInvName}",
        "JInvGender": "${REQUEST~apiRequest.requestObj.JInvGender}",
        "JInvDOB": "${REQUEST~apiRequest.requestObj.JInvDOB}",
        "JAddress1": "${REQUEST~apiRequest.requestObj.JAddress1}",
        "JAddress2": "${REQUEST~apiRequest.requestObj.JAddress2}",
        "JAddress3": "${REQUEST~apiRequest.requestObj.JAddress3}",
        "JPinCode": "${REQUEST~apiRequest.requestObj.JPinCode}",
        "JState": "${REQUEST~apiRequest.requestObj.JState}",
        "JEmailId": "${REQUEST~apiRequest.requestObj.JEmailId}",
        "JMobileNo": "${REQUEST~apiRequest.requestObj.JMobileNo}",
        "JPIDNo1": "${REQUEST~apiRequest.requestObj.JPIDNo1}",
        "JRel": "${REQUEST~apiRequest.requestObj.JRel}",
        "SGB_Source": "${REQUEST~apiRequest.requestObj.SGB_Source}",
        "IFSC": "${REQUEST~apiRequest.requestObj.IFSC}"
    },
    "responseDef": "",
    "logging": {
        "logRequired": "Y",
        "logType": "BOTH"
    },
    "timeout": "10"
}