{
    "apiURL": "${URL}",
    "servicetype": "HTTP",
    "methodType": "GET",
    "contentType": "application/json",
    "headers": {
        "Content-Type": "application/json",
        "Accept": "*/*",
        "Authorization": ""
    },
    "requestDef": {
        "Invid": "${REQUEST~apiRequest.requestObj.Invid}",
        "SGB_TRENCH": "${REQUEST~apiRequest.requestObj.SGB_TRENCH}"
    },
    "responseDef": "",
    "logging": {
        "logRequired": "Y",
        "logType": "BOTH"
    },
    "timeout": "10"
}