[{"Dashboard~Y":[{"appID":"Cards","icon":"icon-debit-card","screenID":"DebitCard","value":"LIT_DEBIT_CARD","transferType":"WIT"},{"appID":"PayBil","icon":"icon-dash-pay-bills","screenID":"InstantBillPayment","value":"LIT_PAYBILLS"},{"appID":"Accoun","icon":"icon-loans","screenID":"ApplyLoan","value":"LIT_LOANS","transferType":"ApplyLoan"},{"appID":"Cards","icon":"icon-card-limit","screenID":"BranchPickup","value":"LIT_CARDLESS","transferType":"WIT"},{"appID":"Mutual","icon":"icon-mutual-fund","screenID":"MutualFund","value":"LIT_MUTUAL_FUND","transferType":"WIT"},{"appID":"PayBil","icon":"icon-dash-recharge","screenID":"InstantBillPayment","value":"LIT_RECHARGE"},{"appID":"Accoun","icon":"icon-travel-more","screenID":"ApplyLoan","value":"LIT_TRAVEL","transferType":"WIT"},{"appID":"Dashbo","icon":"icon-bom-arrow-down","screenID":"more","value":"LIT_MORE","transferType":""}]},{"Transfers~Y":[{"appID":"Transa","icon":"icon-fund-transfer","scrnId":"TransactionApp","value":"LIT_TRANSFERS","type":"OWN","YN":"Y"},{"appID":"Transa","icon":"icon-card-limit","scrnId":"TransactionApp","value":"LIT_CARDLESS","type":"WIT","YN":"Y"},{"appID":"Transa","icon":"icon-mc-other-bank","scrnId":"TransactionApp","value":"LIT_MANMMID","type":"OTH","YN":"Y"},{"appID":"Transa","icon":"icon-manage-payee","scrnId":"TransactionApp","value":"LIT_MANAGEPAYELABEL","type":"EASYPAY","YN":"Y"},{"appID":"Transa","icon":"icon-search-trans","scrnId":"TransactionApp","value":"LIT_SEARCHTRNSLABEL","type":"PTC","YN":"Y"},{"appID":"Transa","icon":"icon-split-trans","scrnId":"TransactionApp","value":"LIT_SPLITTRNSLABEL","type":"PTC","YN":"Y"},{"appID":"Transa","icon":"icon-standing-inst","scrnId":"TransactionApp","value":"LIT_STNDINSLABEL","type":"PTC","YN":"Y"},{"appID":"Transa","icon":"icon-view-fav","scrnId":"TransactionApp","value":"LIT_VIEWTRNSLABEL","type":"PTC","YN":"Y"}]},{"Deposits~Y":[{"appID":"Accoun","icon":"icon-view-acc","scrnId":"ApplyDeposit","value":"LIT_VIWACC","YN":"Y"},{"appID":"IBDepo","icon":"icon-fd-rd","scrnId":"ApplyDeposit","value":"LIT_OPNFD","YN":"Y"},{"appID":"IBDepo","icon":"icon-fd-rd","scrnId":"ApplyDeposit","value":"LIT_OPNRD","YN":"Y"},{"appID":"IBDepo","icon":"icon-mc-KVP","scrnId":"ApplyDeposit","value":"LIT_CLSFD","YN":"Y"},{"appID":"IBDepo","icon":"icon-mc-NSC","scrnId":"ApplyDeposit","value":"LIT_CLSRD","YN":"Y"}]},{"Chequeservices~Y":[{"appID":"SerReq","icon":"icon-view-acc","scrnId":"ChequeBook","value":"LIT_STPCHEPAYLABEL","YN":"Y"},{"appID":"SerReq","icon":"icon-cheque-enq","scrnId":"ChequeBook","value":"LIT_CHEENQLABEL","YN":"Y"},{"appID":"SerReq","icon":"icon-req-cheque","scrnId":"ChequeBook","value":"LIT_REQCHEBOOKLABEL","YN":"Y"},{"appID":"SerReq","icon":"icon-cheque-book-enq","scrnId":"ChequeBook","value":"LIT_CHEBOOKENQLABEL","YN":"Y"},{"appID":"SerReq","icon":"icon-pay-cpps","scrnId":"ChequeBook","value":"LIT_POSPAYCPPSLABEL","YN":"Y"}]},{"Travelhotelsmore~Y":[{"appID":"","icon":"icon-bus","scrnId":"","value":"LIT_BUSLABEL","YN":"Y"},{"appID":"","icon":"icon-hotels","scrnId":"","value":"LIT_HOTELSLABEL","YN":"Y"},{"appID":"","icon":"icon-flights","scrnId":"","value":"LIT_FLIGHTSLABEL","YN":"Y"},{"appID":"","icon":"icon-donations","scrnId":"","value":"LIT_DONATIONLABEL","YN":"Y"},{"appID":"","icon":"icon-gift-cards","scrnId":"","value":"LIT_GIFTCLABEL","YN":"Y"},{"appID":"","icon":"icon-events","scrnId":"","value":"LIT_EVNTSLABEL","YN":"Y"},{"appID":"","icon":"icon-medicine","scrnId":"","value":"LIT_ONEMGMEDLABEL","YN":"Y"},{"appID":"","icon":"icon-labs","scrnId":"","value":"LIT_ONEMGLABSLABEL","YN":"Y"},{"appID":"","icon":"icon-doctors","scrnId":"","value":"LIT_ONEMGDOCLABEL","YN":"Y"}]},{"GovtSchemes~Y":[{"appID":"","icon":"icon-enroll","scrnId":"","value":"LIT_PMJJYELABEL","YN":"Y"},{"appID":"","icon":"icon-enroll","scrnId":"","value":"LIT_PMSBYELABEL","YN":"Y"},{"appID":"","icon":"icon-certificate","scrnId":"","value":"LIT_PMSBYLABEL","YN":"Y"},{"appID":"","icon":"icon-certificate","scrnId":"","value":"LIT_PMJJYLABEL","YN":"Y"}]},{"Settings~Y":[{"appID":"Settin","icon":"icon-view-acc","scrnId":"Profile","value":"LIT_PROFILELABEL","YN":"Y"},{"appID":"Settin","icon":"icon-change-tpin","scrnId":"ChangeTransactionPin","value":"LIT_CTPINLABEL","YN":"Y"},{"appID":"Settin","icon":"icon-change-mpin","scrnId":"ChangeMPin","value":"LIT_CMPINLABEL","YN":"Y"},{"appID":"Settin","icon":"icon-reset-tpin","scrnId":"ChangeTransactionPin","value":"LIT_RTPINLABEL","YN":"Y"},{"appID":"Settin","icon":"icon-security-ques","scrnId":"SecretQuestions","value":"LIT_SQLABEL","YN":"Y"},{"appID":"Settin","icon":"icon-app-perms","scrnId":"","value":"LIT_APLABEL","YN":"Y"},{"appID":"Settin","icon":"icon-change-lang","scrnId":"Language","value":"LIT_CLLABEL","YN":"Y"},{"appID":"Settin","icon":"icon-biometric-cntrl","scrnId":"BiometricLogin","value":"LIT_BCLABEL","YN":"Y"},{"appID":"Settin","icon":"icon-transaction-limit","scrnId":"ManageLimits","value":"LIT_MNGELIMITLABEL","YN":"Y"},{"appID":"Settin","icon":"icon-otp-delivery","scrnId":"","value":"LIT_OTPDMLABEL","YN":"Y"},{"appID":"Settin","icon":"icon-manage-notif","scrnId":"Notifications","value":"LIT_NLABEL","YN":"Y"},{"appID":"Settin","icon":"icon-block-channels","scrnId":"","value":"LIT_BLOCKCLABEL","YN":"Y"},{"appID":"Settin","icon":"icon-auto-read-otp","scrnId":"","value":"LIT_AROTPLABEL","YN":"Y"},{"appID":"Settin","icon":"icon-reset-tpin","scrnId":"","value":"LIT_TRLABEL","YN":"Y"}]},{"Support~Y":[{"appID":"PLFeat","icon":"icon-contactus","scrnId":"ContactUs","value":"LIT_CULABEL","YN":"Y"},{"appID":"PLFeat","icon":"icon-locateus","scrnId":"LocateUs","value":"LIT_LULABEL","YN":"Y"},{"appID":"PLFeat","icon":"icon-certificate","scrnId":"","value":"LIT_RDLABEL","YN":"Y"},{"appID":"PLFeat","icon":"icon-calculators","scrnId":"Calculator","value":"LIT_CALCULATORLABEL","YN":"Y"},{"appID":"PLFeat","icon":"icon-bom-faq","scrnId":"FAQ","value":"LIT_FAQLABEL","YN":"Y"},{"appID":"PLFeat","icon":"icon-security-tips","scrnId":"","value":"LIT_STLABEL","YN":"Y"}]},{"Certificates~Y":[{"appID":"","icon":"icon-balance-certi","scrnId":"","value":"LIT_BALCERTLABEL","YN":"Y"},{"appID":"","icon":"icon-loan-intsrt-certi","scrnId":"","value":"LIT_LOANICLABEL","YN":"Y"},{"appID":"","icon":"icon-tds-certi","scrnId":"","value":"LIT_TDSCERTLABEL","YN":"Y"},{"appID":"","icon":"icon-calculators","scrnId":"","value":"LIT_LOANB2G2LABEL","YN":"Y"},{"appID":"","icon":"icon-pension-slip","scrnId":"","value":"LIT_PRENSIONSLIPLABEL","YN":"Y"}]},{"Otherservices~Y":[{"appID":"","icon":"icon-balance-certi","scrnId":"","value":"LIT_KYCSTATUSLABEL","YN":"Y"},{"appID":"","icon":"icon-raise-comp","scrnId":"","value":"LIT_RAISEDISPUTELABEL","YN":"Y"},{"appID":"","icon":"icon-tds-certi","scrnId":"","value":"LIT_RAISEGRIEVANCELABEL","YN":"Y"},{"appID":"","icon":"icon-calculators","scrnId":"","value":"LIT_VIEWSERVICELABEL","YN":"Y"},{"appID":"","icon":"icon-pension-slip","scrnId":"","value":"LIT_AADHARUPDATELABEL","YN":"Y"},{"appID":"","icon":"icon-pension-slip","scrnId":"","value":"LIT_IMPSENQUIRYLABEL","YN":"Y"},{"appID":"","icon":"icon-cheque-pay","scrnId":"","value":"LIT_POSPAYREQLABEL","YN":"Y"},{"appID":"","icon":"icon-cheque-pay","scrnId":"","value":"LIT_MANAGECARDTOKLABEL","YN":"Y"},{"appID":"","icon":"icon-cheque-pay","scrnId":"","value":"LIT_HOMEBRANCHCHANGELABEL","YN":"Y"}]}]