{
  "usefullinks": [
    {
      "Online Payments": [
        {
          "urls": {
            "Utility bill payments": "https://Mahaconnect/jsp/BillPay.htm",
            "LIC premium payment": "http://www.licindia.in/",
            "SBI credit card payment": "https://www.billdesk.com/pgidsk/pgijsp/sbicard/SBI_card.jsp"
          },
          "content": "<p>Using your Bank of Maharashtra Internet Banking Account, you can pay your bills like Electricity, Telephone, Satellite Television, Mobile Phone etc. You can also pay your Insurance Premium, Credit Card Bills etc. Please visit the Online Shopping/Gifts Link.</p>",
          "questions": [
            {
              "question": "How to Pay?",
              "answer": "<ol><li>Visit the Billers website, go for online payment option.</li><li>Select Mode of Payment as Internet Banking and then select Bank of Maharashtra from the list of the Banks.</li><li>You will be redirected to Bank of Maharashtra Payment gateway.</li><li>Give your credentials, enter your transaction password and confirm the transaction.</li></ol>"
            }
          ]
        }
      ],
      "MAHA Fast Pay": [
        {
          "urls": {
            "MAHA Fast Pay": "https://www.billdesk.com/web/"
          },
          "content": [],
          "questions": [
            {
              "question": "MAHA FAST PAY",
              "answer": "<p>Instead of visiting every biller website, you can directly pay, UTILITY PAYMENTS/POSTPAID MOBILE/INSURANCE/LOAN PAYMENTS/SUBSCRIPTIONS/ DONATIONS etc. using your Bank of Maharashtra Internet Banking Account.</p>"
            },
            {
              "question": "How to Pay?",
              "answer": "<ol><li>Select your type of payment and provide the bill details.</li><li>You will be redirected to Bank of Maharashtra Payment gateway.</li><li>Give your credentials, enter your transaction password and confirm the transaction.</li><li>Online Receipt will be generated.</ol>"
            }
          ]
        }
      ],
      "Tax Payments": [
        {
          "urls": {
            "GST tax payment": "https://www.gst.gov.in/",
            "Direct taxes/income tax/TDS": "https://___New URL to be added____ /jsp/ePayment_DirectTaxes.html",
            "GRIPS": "https://wbifms.gov.in/GRIPS",
            "Delhi VAT online payment": "https://___New URL to be added____ /jsp/ePayment_DirectTaxes.html",
            "Maharashtra eSBTR": "https://___New URL to be added____ /jsp/ePayment_DirectTaxes.html",
            "Tamil Nadu state tax payment": "https://ctd.tn.gov.in",
            "Gujarat tax payment": "https://commercialtax.gujarat.gov.in"
          },
          "content": [],
          "questions": [
            {
              "question": "What is E-Payment?",
              "answer": "<ul><li>E-Payment is Online payment of Tax using your BOM Account through Internet Banking using Mahaconnect User Id and Passwords.</li><li>Using E-Payment facility you can pay Service Tax, Excise Duty, Income Tax, TDS, TCS, Wealth Tax, Hotel receipt Tax etc.</li><li>E-Payment facility for Sales Tax (State of Maharashtra) and Customs Duty Payment will be started shortly.</ul>"
            },
            {
              "question": "E-Payment Prerequisites",
              "answer": "<ul><li>Customer should have BOM Internet Banking facility i.e. a user id and passwords issued by BOM to use Mahaconnect (Internet Banking) facility.</li><li>Customer must be registered with Tax authorities and should have a valid PAN/TAN (for Direct Taxes) or an Assessee Code issued by Excise Dept (for Indirect Taxes).</ul>"
            }
          ]
        }
      ],
      "Maha E-Trade": [
        {
          "urls": {
            "Religare securities ltd": "http://www.religareonline.com/",
            "Ventura securities ltd": "https://www.ventura1.com/",
            "M/s Reliance Securities Limited": "https://instaplus.reliancemoney.com/index1.html"
          },
          "content": "<h4>Online Share Trading</h4><p>We bring you the comfort of Share Trading on mouse click (Online Share Trading), in association with M/s Religare Securities, Munoth Securities and Enam Securities, the leading Stockbrokers.</p>",
          "questions": [
            {
              "question": "Features",
              "answer": "<ol><li>Trading with the intention of delivery.</li><li>Intra day Square off.</li><li> Buy To-day and Sell on T1/ T2 day.</li><li> Trade Multiple.</li></ol>"
            },
            {
              "question": "Eligibility",
              "answer": "<ol><li>Individuals</li><li>Trusts etc.</li><li>Corporates</li></ol><p>For Online Share Trading facility Client should have a Demat Account and a Banking Account (with Internet Banking facility) with Bank of Maharashtra and a Trading Account with one of the three broking firms (M/s Religare / M/s Munoth / M/s Enam).</p>"
            }
          ]
        }
      ],
      "NPS": [
        {
          "urls": {
            "New Pension Scheme (NPS)": "https://www.bankofmaharashtra.in/nps/nps_subscriber.aspx",
            "e-NPS New Registration": "https://mynps.nsdl.com/myNPS/NationalPensionSystem.html?appType=main&authId=UUltdnNSaXFxNnlTMlY0TGl2ZDRwUT09",
            "e-NPS Contribution": "https://mynps.nsdl.com/myNPS/InitialExistingUser.html?appType=main&authId=UUltdnNSaXFxNnlTMlY0TGl2ZDRwUT09"
          },
          "content": "<ul><li>NPS is a government-backed pension scheme in India aimed at encouraging individuals to save for retirement, offering a mix of equity, corporate bonds, and government securities for long-term wealth creation.</li><li> The e-NPS online portal allows individuals to register for a PRAN (Permanent Retirement Account Number) and start their pension account digitally with minimal paperwork.</li><li> Registered users can contribute directly to their NPS Tier I and Tier II accounts online, ensuring hassle-free pension fund management and tax-saving benefits.</li></ul>",
          "questions": []
        }
      ],
      "Apply": [
        {
          "urls": {
            "PPF Account": "https://www.bankofmaharashtra.in/PPF/ppf_subscriber.aspx",
            "Statement on mail": "https://www.bankofmaharashtra.in/mahaestmt/maha_estsmt_request.aspx",
            "Subscribe for SMS alert": "https://www.bankofmaharashtra.in/mahaestmt/maha_estsmt_request.aspx",
            "Mutual fund": "https://www.bankofmaharashtra.in/mutualfund/mutual_fund.aspx",
            "Demat services": "https://www.bankofmaharashtra.in/mahaestmt/demat.aspx",
            "Insurance products": "https://www.bankofmaharashtra.in/insurance/insurance.aspx",
            "Internet banking": "https://www.bankofmaharashtra.in/bomibapplication/ibapplication.aspx",
            "Safe deposit locker": "https://www.bankofmaharashtra.in/lockerapplication/bomlockerapplication.aspx",
            "Form 16 for pensioners": "bankofmaharashtra.in/form16web/pension_data_pan.aspx",
            "Maha E-Statement": "https://bankofmaharashtra.in/mahaestmt/maha_estsmt_request.aspx",
            "Re-KYC": "https://onlinebanking.bankofmaharashtra.in/ReKYCPortal/#/digitalAccount",
            "Doorstep Banking": "https://bankofmaharashtra.in/doorstep-banking-services",
            "Savings Account": "https://onlinebanking.bankofmaharashtra.in/CustomerUI/#/digitalAccount",
            "WhatsApp Banking": "https://wa.me/message/jtiqwk4cjaopn1",
            "Loans": "http://digileads.bankofmaharashtra.in"
          },
          "content": "<ul><li>The Public Provident Fund (PPF) provides a secure, tax-free savings option with long-term benefits.</li><li>Customers can conveniently track finances with email statements and stay informed about account activities through real-time SMS alerts.</li><li>Diversify investments with mutual funds tailored to your financial goals and securely manage securities using a Demat account.</li><li>Ensure financial protection with insurance products covering life, health, and assets.</li><li>Enjoy 24/7 access to internet banking for seamless transactions, and safeguard valuables using safe deposit lockers provided by banks.</li><li>Easily open a savings account online, complete the Re-KYC or avail doorstep banking. Complete the process securely from the convenience of your home.</li><li>Click to register for WhatsApp banking services from Bank of Maharashtra.</li><li>Apply for loans from Bank of Maharashtra at attractive interest rates.</li></ul>",
          "questions": []
        }
      ],
      "Information": [
        {
          "urls": {
            "About Us": "https://www.bankofmaharashtra.in/about_us",
            "Help-user manuals": "https://_i-Exceed to provide/jsp/Help_UserManuals.htm",
            "Email ID": "https://_i-Exceed to provide@mahabank.co.in",
            "Terms & conditions": "(MB)- PDF downloaded",
            "Privacy Policy": "https://_i-Exceed to provide/jsp/Privacy_Policy.html",
            "Disclaimer": "https://_i-Exceed to provide/jsp/Disclaimer.html",
            "Security Tips": "https://_i-Exceed to provide/jsp/SecurityTips.html",
            "Service Charges": "https://bankofmaharashtra.in/service-charges",
            "Registration Demo": "i-Exceed to provide",
            "Interest Rates": "https://www.bankofmaharashtra.in/interest_rates",
            "FD/RD Interest Rate": "https://bankofmaharashtra.in/domestic-term-deposits"
          },
          "content": "<ul><li>View and download important information on Terms and conditions of Internet banking and Mobile Banking, privacy policies, security tips, service charges.</li><li>Stay informed about the latest interest rates for investments like FDs and savings accounts.</li></ul>",
          "questions": []
        }
      ],
      "Grievance redressal": [
        {
          "urls": {
            "Lodge complaints": "https://bankofmaharashtra.in/pgrs"
          },
          "content": "<ul><li>Register your payment related complaints with Bank.</li></ul>",
          "questions": []
        }
      ],
      "Card Services": [
        {
          "urls": {
            "Apply Add-On Card": "https://bomapi.bankofmaharashtra.in/refer/addoncard.aspx",
            "Credit Card Services": "https://bomapi.bankofmaharashtra.in/refer/CreditCardServices.aspx",
            "Personalized Debit Card": "https://bomapi.bankofmaharashtra.in/refer/debitcard.aspx"
          },
          "content": "<ul><li>Easily apply for add-on cards for your family members through Internet Banking.</li><li>Manage your credit card online, including viewing statements, paying bills, and checking your rewards.<li><li>Customize your debit card with unique designs and enjoy convenient access to your funds.</li></ul>",
          "questions": []
        }
      ],
      "Agri Services": [
        {
          "urls": {
            "Mandi Prices": "http://agmarknet.gov.in/",
            "Weather Updates": "https://mausam.imd.gov.in/",
            "Agriculture Marketplace": "https://enam.gov.in/"
          },
          "content": "<ul><li>Stay updated with current mandi prices in your region to make informed decisions on agricultural produce. Access real-time weather updates to plan farming activities efficiently.</li><li>Utilize a digital platform for seamless buying, selling, and trading of agricultural products and services.</li></ul>",
          "questions": []
        }
      ],
      "Offers": [
        {
          "urls": {
            "Offer through tie-ups": "http://rupay.co.in/rupay-offers"
          },
          "content": "<ul><li>Checkout the offers on Card issued on RUPAY platform</li></ul>",
          "questions": []
        }
      ],
      "Calendars and Downloads": [
        {
          "urls": {
            "Downloads": "https://www.bankofmaharashtra.in/downloads",
            "State wise Holiday Calendar": "https://www.iba.org.in/iba/bankemployee/bankemployeeaction.do?doholiday=yes",
            "Digital Calendar": "https://bankofmaharashtra.in/calendar-2023",
            "BSE settlement calendar": "https://www.bseindia.com/markets/equity/eqreports/setcal.aspx",
            "Digital calendar": "https://bankofmaharashtra.in/calendar-2025",
            "BOM News": "https://bankofmaharashtra.in/news"
          },
          "content": "<ul><li>View holiday calendars and stay updated with latest news and announcements from Bank.</li><li>Download application forms from Bank's official website.</li></ul>",
          "questions": []
        }
      ],
      "Shopping": [
        {
          "urls": {
            "M Shopping": "https://www.bom.cheggout.com"
          },
          "content": "<p>Compare & Shop is the one-stop shopping & cashback destination exclusively for Bank of Maharashtra customers powered by Cheggout Services Private Limited. Compare & Shop offers an in-house shopping platform built within the Bank�s digital channel. It helps users save on their everyday orders. Make the most of your shopping with exclusive offers and deals from your favourite brand. </p>",
          "questions": [
            {
              "question": "What we offer you?",
              "answer": "<ul><li>Easy price comparison- Search what you wish to buy, we compare prices from multiple stores and list the best deals.</li><li>Grab your best buy and continue shopping!</li><li>Coupons & Deals- Get exclusive coupons & deals from your favourite brands and save instantly!</li><li>Cashback & Reward Points- Earn attractive cashbacks up to ?2000 for your orders via Compare & Shop.</li><li>Easy redemption- Redeem and transfer your earned cashback directly to your bank account.</li> <li>Discount on vouchers & Gift Cards- Get instant discounts up to 15% on Gift Card orders from Compare & Shop.</li></ul>"
            }
          ]
        }
      ]
    }
  ],
    "ContactUs": [
    {
      "SocialMedia": [
        "Facebook~facebook.png~https://www.facebook.com/Mahabank",
        "Instagram~instagram.png~https://www.instagram.com/mahabank",
        "LinkedIn~youtube.png~https://www.linkedin.com/company/mahabank",
        "Youtube~bom-youtube.png~https://www.youtube.com/mahabank",
        "Twitter~twitter.png~https://twitter.com/mahabank"
      ],
      "BranchDetails": [
        {
          "type": "Contact us / BOM Internet Banking Customer Care Helpdesk",
          "Details": {
            "description": "To activate Internet Banking or for any other Internet Banking assistance, SMS 'ACTV' or 'ASSIST' to ",
            "sms": "9223181818"
          },
          "PhoneNumbers": [
            "1800 233 4526",
            "1800 102 2636"
          ],
          "HelpdeskTiming": "Helpdesk is available 24 x 7 x 365",
          "Email": "mahasecure@mahabank.co.in"
        },
        {
          "type": "Contact Our Maha Secure Customer Care Helpdesk",
          "Details": [],
          "PhoneNumbers": [
            "1800 233 4526",
            "1800 102 2636"
          ],
          "Email": "mahasecure@mahabank.co.in"
        },
        {
          "type": "Sales Tax Department - State of Maharashtra (ePayment of Taxes)",
          "Details": [],
          "PhoneNumbers": [
            "022-2373 5601",
            "022-2376 0773",
            "022-2376 0766",
            "022-2376 0763",
            "022-2376 0903"
          ],
          "Email": "epayment@mahavat.gov.in"
        },
        {
          "type": "NSDL - National Securities Depository Limited (ePayment of Taxes)",
          "Details": [],
          "PhoneNumbers": [
            "020-2721 8080",
            "020-2721 8081"
          ],
          "Email": "tininfo@nsdl.co.in"
        },
        {
          "type": "CC Avenue - Avenues India Pvt Ltd (Online Shopping)",
          "Details": [],
          "PhoneNumbers": [
            "91-22 67425555",
            "42465555"
          ],
          "Fax": [
            "91-22 67425542",
            "26480772"
          ],
          "Emails": [
            {
              "type": "Marketing Support",
              "email": "contact@ccavenue.com"
            },
            {
              "type": "Technical Support",
              "email": "Technical-Support-service@ccavenue.com"
            },
            {
              "type": "Accounting Support",
              "email": "accounts@ccavenue.com"
            }
          ]
        },
        {
          "type": "Bill Desk - IndiaIdeas.com Ltd (Online Utility Bill Payment)",
          "Details": [],
          "PhoneNumbers": [
            "91-22 40920200"
          ],
          "Emails": [
            {
              "type": "Support",
              "email": "pgsupport@billdesk.com"
            },
            {
              "type": "Support",
              "email": "support@billdesk.com"
            }
          ]
        }
      ],
      "Youtube": "https://www.youtube.com/mahabank",
      "Website": "https://www.i-exceed.com/",
      "Instagram": "https://www.instagram.com/mahabank",
      "Twitter": "https://twitter.com/mahabank",
      "Facebook": "https://www.facebook.com/Mahabank",
      "LinkedIn": "https://www.linkedin.com/company/mahabank",
      "Contact": "9380655892"
    }
  ]
}