{
  "apiURL": "${URL}",
  "servicetype": "HTTP",
  "methodType": "POST",
  "contentType": "application/json",
  "headers": {
    "Content-Type": "application/json",
    "Accept": "*/*",
    "Authorization": ""
  },
  "requestDef": {
    "customerId": "${REQUEST~apiRequest.requestObj.customerId}",
	"smsBanking": "${REQUEST~apiRequest.requestObj.smsBanking}",
	"whatsappBanking": "${REQUEST~apiRequest.requestObj.whatsappBanking}",
	"transactionType": "${REQUEST~apiRequest.requestObj.transactionType}"
  },
  "responseDef": "",
  "logging": {
    "logRequired": "Y",
    "logType": "BOTH"
  },
  "timeout":"10"
}