{
  "apiURL": "${URL}",
  "servicetype": "HTTP",
  "methodType": "POST",
  "contentType": "application/json",
  "headers": {
    "Content-Type": "application/json",
    "Accept": "*/*",
    "Authorization": ""
  },
  "requestDef": {
    "customerId": "${REQUEST~apiRequest.userId}",
    "accountNo": "${REQUEST~apiRequest.requestObj.debitAcctNo}",
	"month": "${REQUEST~apiRequest.requestObj.month}",
	"year": "${REQUEST~apiRequest.requestObj.year}"
  },
  "responseDef": "",
  "logging": {
    "logRequired": "Y",
    "logType": "BOTH"
  },
  "timeout":"10"
}