<?xml version="1.0" encoding="UTF-8"?>
<configuration>
	<property name="filePath" source="filePath" value = "/opt/MicroServices/logs" />
	<!-- Console Appender -->
	<appender name="CONSOLE" class="ch.qos.logback.core.ConsoleAppender">
		<encoder>
			<pattern>[%d] [%X{userId}] [TRANSFER_SCHEDULER] [%p] [%class{36}.%M] - %m%n </pattern>
		</encoder>
	</appender>
	<appender name="FILE" class="ch.qos.logback.core.rolling.RollingFileAppender">
		<file>${filePath}/retailBankingTransferScheduler.log</file>
		<rollingPolicy class="ch.qos.logback.core.rolling.SizeAndTimeBasedRollingPolicy">
			<fileNamePattern>${filePath}/retailBankingTransferScheduler-%d{yyyy-MM-dd}-%i.log.zip </fileNamePattern>
			<maxFileSize>5MB</maxFileSize>
			<maxHistory>10</maxHistory>
			<totalSizeCap>5MB</totalSizeCap>
		</rollingPolicy>
		<encoder class="ch.qos.logback.core.encoder.LayoutWrappingEncoder">
			<layout class="com.iexceed.appzillonbanking.transfer.scheduler.MaskingLayout">
				<!-- For Masking specific fields in the logs -->
				<maskPattern>\"debitAcctNo\"\s*:\s*\"(.*?)\"</maskPattern>
				<maskPattern>\"accountNo\"\s*:\s*\"(.*?)\"</maskPattern>
				<maskPattern>\"accountNumber\"\s*:\s*\"(.*?)\"</maskPattern>
				<maskPattern>\"debitCardNumber\"\s*:\s*\"(.*?)\"</maskPattern>
				<maskPattern>\"creditCardNumber\"\s*:\s*\"(.*?)\"</maskPattern>
				<maskPattern>\"debitAccount\"\s*:\s*\"(.*?)\"</maskPattern>
				<maskPattern>\"debitAcctNo\"\s*:\s*\"(.*?)\"</maskPattern>
				<maskPattern>\"cardNumber\"\s*:\s*\"(.*?)\"</maskPattern>
				<maskPattern>\"pin\"\s*:\s*\"(.*?)\"</maskPattern>
				<!-- For Masking IP address -->
				<maskPattern>(\d+\.\d+\.\d+\.\d+)</maskPattern>
				<Pattern>[%d] [%X{userId}] [TRANSFER_SCHEDULER] [%p] [%class{36}.%M] - %m%n </Pattern>
			</layout>
		</encoder>
	</appender>
	<root level="DEBUG">
		<appender-ref ref="FILE" />
	</root>
</configuration>